course_name,course_type,institution,cutoff_2024,cutoff_2023,cutoff_2022,cutoff_2021
BACHELOR OF ARTS,Degree,CHUKA UNIVERSITY,24.851,23.714,28.566,25.974
BACHELOR OF ARTS,Degree,KISII UNIVERSITY,22.173,24.286,26.315,22.926
BACHELOR OF ARTS,Degree,RONGO UNIVERSITY,24.252,24.574,27.808,
BACHELOR OF ARTS,Degree,EGERTON UNIVERSITY,21.799,24.188,26.783,22.926
"BACHELOR OF ARTS (PSYCHOLOGY, SOCIOLOGY & POLITICAL SCIENCE)",Degree,MULTIMEDIA UNIVERSITY OF KENYA,22.851,22.449,26.207,24.456
BACHELOR OF ARTS,Degree,KOITALEEL SAMOEI UNIVERSITY COLLEGE,23.541,22.449,22.916,
BACHELOR OF ARTS,Degree,BOMET UNIVERSITY COLLEGE,23.388,22.449,22.916,22.926
BACHELOR OF ARTS,Degree,THARAKA UNIVERSITY,23.322,22.449,22.916,22.926
BACHELOR OF ARTS,Degree,UNIVERSITY OF NAIROBI,23.031,23.248,26.506,24.382
BACHELOR OF ARTS,Degree,MOI UNIVERSITY,22.729,23.716,26.127,22.926
BACHELOR OF ARTS,Degree,MACHAKOS UNIVERSITY,23.405,24.666,25.34,22.926
BACHELOR OF ARTS,Degree,SOUTH EASTERN KENYA UNIVERSITY,23.008,22.449,24.46,22.926
BACHELOR OF ARTS,Degree,PWANI UNIVERSITY,23.038,,,
BACHELOR OF ARTS,Degree,KENYATTA UNIVERSITY,25.617,24.057,28.578,25.034
BACHELOR OF ARTS (WITH IT),Degree,TOM MBOYA UNIVERSITY,24.247,23.729,22.916,22.926
BACHELOR OF ARTS (WITH IT),Degree,MASENO UNIVERSITY,23.582,23.721,26.259,22.926
BACHELOR OF ARCHITECTURAL STUDIES/BACHELOR OF ARCHITECTURE,Degree,TECHNICAL UNIVERSITY OF MOMBASA,39.021,38.365,40.571,39.176
BACHELOR OF ARCHITECTURE,Degree,KENYATTA UNIVERSITY,41.119,41.494,42.407,42.315
BACHELOR OF ARCHITECTURAL STUDIES/BACHELOR OF ARCHITECTURE,Degree,UNIVERSITY OF NAIROBI,42.524,42.99,43.794,43.198
BACHELOR OF ARCHITECTURAL STUDIES/BACHELOR OF ARCHITECTURE,Degree,JOMO KENYATTA UNIVERSITY OF AGRICULTURE AND TECHNOLOGY,41.779,41.803,42.528,42.016
BACHELOR OF ARCHITECTURAL STUDIES/BACHELOR OF ARCHITECTURE,Degree,TECHNICAL UNIVERSITY OF KENYA,39.883,41.035,41.962,40.979
BACHELOR OF QUANTITY SURVEYING,Degree,TECHNICAL UNIVERSITY OF MOMBASA,34.023,,,
BACHELOR OF QUANTITY SURVEYING,Degree,UNIVERSITY OF NAIROBI,35.904,40.232,40.993,42.006
BACHELOR OF QUANTITY SURVEYING,Degree,JOMO KENYATTA UNIVERSITY OF AGRICULTURE AND TECHNOLOGY,38.243,39.763,41.641,40.877
BACHELOR OF QUANTITY SURVEYING,Degree,TECHNICAL UNIVERSITY OF KENYA,36.648,38.424,40.533,40.184
BACHELOR OF ACTUARIAL SCIENCE,Degree,KCA UNIVERSITY,,18.831,19.914,26.208
BACHELOR OF ACTUARIAL SCIENCE,Degree,KISII UNIVERSITY,,18.831,19.914,20.1
BACHELOR OF SCIENCE (ACTUARIAL SCIENCE WITH IT),Degree,JARAMOGI OGINGA ODINGA UNIVERSITY OF SCIENCE AND TECHNOLOGY,,18.831,19.914,20.1
BACHELOR OF SCIENCE (ACTUARIAL SCIENCE),Degree,GARISSA UNIVERSITY,,18.831,19.914,20.1
BACHELOR OF SCIENCE (ACTUARIAL SCIENCE),Degree,EGERTON UNIVERSITY,31.992,32.262,28.868,30.859
BACHELOR OF SCIENCE IN ACTUARIAL SCIENCE,Degree,CHUKA UNIVERSITY,28.461,25.416,22.714,30.784
BACHELOR OF SCIENCE IN ACTUARIAL SCIENCE,Degree,CO-OPERATIVE UNIVERSITY OF KENYA,30.015,25.061,24.735,26.383
BACHELOR OF SCIENCE IN ACTUARIAL SCIENCE,Degree,KIRINYAGA UNIVERSITY,,18.831,19.914,20.1
BACHELOR OF SCIENCE IN ACTUARIAL SCIENCE,Degree,KABARAK UNIVERSITY,,18.831,19.914,24.496
BACHELOR OF SCIENCE (ACTUARIAL SCIENCE),Degree,UNIVERSITY OF NAIROBI,37.039,39.531,39.271,40.134
BACHELOR OF SCIENCE (ACTUARIAL SCIENCE),Degree,MOI UNIVERSITY,,24.905,24.923,33.425
BACHELOR OF SCIENCE (ACTUARIAL SCIENCE),Degree,MERU UNIVERSITY OF SCIENCE AND TECHNOLOGY,,18.831,19.914,20.1
BACHELOR OF SCIENCE (ACTUARIAL SCIENCE),Degree,MACHAKOS UNIVERSITY,,23.617,19.914,
BACHELOR OF SCIENCE (ACTUARIAL SCIENCE),Degree,SOUTH EASTERN KENYA UNIVERSITY,,18.831,19.914,20.1
BACHELOR OF SCIENCE (ACTUARIAL SCIENCE),Degree,UNIVERSITY OF KABIANGA,,18.831,19.914,26.367
BACHELOR OF SCIENCE (ACTUARIAL SCIENCE),Degree,KENYATTA UNIVERSITY,34.712,34.474,31.842,36.908
"BACHELOR OF SCIENCE (ACTUARIAL SCIENCE, WITH IT)",Degree,TOM MBOYA UNIVERSITY,,18.831,19.914,20.1
"BACHELOR OF SCIENCE (ACTUARIAL SCIENCE, WITH IT)",Degree,MASENO UNIVERSITY,29.152,26.81,24.601,31.886
BACHELOR OF ACTUARIAL SCIENCE,Degree,THARAKA UNIVERSITY,,18.831,19.914,20.1
BACHELOR OF SCIENCE IN ACTUARIAL SCIENCE,Degree,CATHOLIC UNIVERSITY OF EASTERN AFRICA,,18.831,19.914,22.92
BACHELOR OF SCIENCE IN ACTUARIAL SCIENCE,Degree,ZETECH UNIVERSITY,,18.831,19.914,20.1
BACHELOR OF SCIENCE IN ACTUARIAL SCIENCE,Degree,MOUNT KENYA UNIVERSITY,,18.831,19.914,31.88
BACHELOR OF SCIENCE IN ACTUARIAL SCIENCE,Degree,JOMO KENYATTA UNIVERSITY OF AGRICULTURE AND TECHNOLOGY,34.725,34.347,31.441,37.145
BACHELOR OF SCIENCE IN ACTUARIAL SCIENCE,Degree,MURANG'A UNIVERSITY OF TECHNOLOGY,,18.831,19.914,20.1
BACHELOR OF SCIENCE IN ACTUARIAL SCIENCE,Degree,KARATINA UNIVERSITY,,18.831,19.914,20.1
BACHELOR OF SCIENCE IN ACTUARIAL SCIENCE,Degree,DEDAN KIMATHI UNIVERSITY OF TECHNOLOGY,25.832,24.443,24.342,30.427
BACHELOR OF SCIENCE IN ACTUARIAL SCIENCE,Degree,MULTIMEDIA UNIVERSITY OF KENYA,30.819,28.075,25.777,31.618
BACHELOR OF SCIENCE IN ACTUARIAL SCIENCE,Degree,DAYSTAR UNIVERSITY,,18.831,19.914,27.913
BACHELOR OF SCIENCE IN ACTUARIAL SCIENCE,Degree,UNIVERSITY OF ELDORET,23.479,23.568,19.914,29.666
BACHELOR OF SCIENCE (INDUSTRIAL CHEMISTRY),Degree,UNIVERSITY OF EMBU,,15.683,15.982,16.787
BACHELOR OF SCIENCE (INDUSTRIAL CHEMISTRY),Degree,KISII UNIVERSITY,,15.683,15.982,16.787
BACHELOR OF SCIENCE (INDUSTRIAL CHEMISTRY),Degree,MASINDE MULIRO UNIVERSITY OF SCIENCE & TECHNOLOGY,,25.036,15.982,16.787
BACHELOR OF SCIENCE IN INDUSTRIAL CHEMISTRY,Degree,CHUKA UNIVERSITY,,15.683,15.982,16.787
BACHELOR OF SCIENCE IN INDUSTRIAL CHEMISTRY,Degree,TAITA TAVETA UNIVERSITY,,15.683,15.982,16.787
BACHELOR OF SCIENCE (INDUSTRIAL CHEMISTRY),Degree,MOUNT KENYA UNIVERSITY,,15.683,15.982,16.787
BACHELOR OF SCIENCE (INDUSTRIAL CHEMISTRY),Degree,UNIVERSITY OF NAIROBI,26.864,27.458,31.98,33.535
BACHELOR OF SCIENCE (INDUSTRIAL CHEMISTRY),Degree,MURANG'A UNIVERSITY OF TECHNOLOGY,,15.683,15.982,16.787
BACHELOR OF SCIENCE (INDUSTRIAL CHEMISTRY),Degree,PWANI UNIVERSITY,,15.683,15.982,16.787
"BACHELOR OF SCIENCE (INDUSTRIAL CHEMISTRY, WITH IT)",Degree,TOM MBOYA UNIVERSITY,,15.683,15.982,16.787
"BACHELOR OF SCIENCE (INDUSTRIAL CHEMISTRY, WITH IT)",Degree,MASENO UNIVERSITY,,25.535,23.851,16.787
BACHELOR OF SCIENCE IN INDUSTRIAL CHEMISTRY,Degree,JOMO KENYATTA UNIVERSITY OF AGRICULTURE AND TECHNOLOGY,,24.943,24.479,25.786
BACHELOR OF SCIENCE IN INDUSTRIAL CHEMISTRY,Degree,DEDAN KIMATHI UNIVERSITY OF TECHNOLOGY,,15.683,15.982,16.787
BACHELOR OF SCIENCE IN INDUSTRIAL CHEMISTRY,Degree,MULTIMEDIA UNIVERSITY OF KENYA,,15.683,15.982,16.787
BACHELOR OF SCIENCE (MATHEMATICS),Degree,RONGO UNIVERSITY,,18.831,19.914,20.1
BACHELOR OF SCIENCE IN MATHEMATICS,Degree,CHUKA UNIVERSITY,,23.741,19.914,24.917
"BACHELOR OF SCIENCE (MATHEMATICAL SCIENCES, WITH IT)",Degree,TOM MBOYA UNIVERSITY,,18.831,19.914,20.1
"BACHELOR OF SCIENCE (MATHEMATICAL SCIENCES, WITH IT)",Degree,MASENO UNIVERSITY,22.338,22.755,19.914,27.259
BACHELOR OF SCIENCE (MATHEMATICS),Degree,CATHOLIC UNIVERSITY OF EASTERN AFRICA,,,19.914,20.1
BACHELOR OF SCIENCE (MATHEMATICS),Degree,UNIVERSITY OF NAIROBI,29.054,32.945,32.487,33.862
BACHELOR OF SCIENCE (MATHEMATICS),Degree,MACHAKOS UNIVERSITY,,18.831,19.914,20.1
BACHELOR OF SCIENCE (MATHEMATICS),Degree,SOUTH EASTERN KENYA UNIVERSITY,,18.831,19.914,20.1
BACHELOR OF SCIENCE (MATHEMATICS),Degree,MAASAI MARA UNIVERSITY,,18.831,19.914,20.1
BACHELOR OF SCIENCE (MATHEMATICS),Degree,PWANI UNIVERSITY,,18.831,19.914,23.895
BACHELOR OF SCIENCE (MATHEMATICS),Degree,TECHNICAL UNIVERSITY OF KENYA,28.706,24.252,26.695,31.045
BACHELOR OF SCIENCE (MATHEMATICS),Degree,KIBABII UNIVERSITY,,18.831,19.914,20.1
BACHELOR OF SCIENCE IN MATHEMATICS,Degree,KIRIRI WOMENS UNIVERSITY OF SCIENCE AND TECHNOLOGY,,18.831,19.914,20.1
BACHELOR OF SCIENCE IN MATHEMATICS,Degree,MERU UNIVERSITY OF SCIENCE AND TECHNOLOGY,,18.831,19.914,20.1
BACHELOR OF SCIENCE IN MATHEMATICS,Degree,"UNIVERSITY OF EASTERN AFRICA, BARATON",,18.831,19.914,20.1
BACHELOR OF SCIENCE (BIOLOGY),Degree,UNIVERSITY OF EMBU,,15.683,16.974,17.459
BACHELOR OF SCIENCE (BIOLOGY),Degree,MASINDE MULIRO UNIVERSITY OF SCIENCE & TECHNOLOGY,,15.683,16.974,17.459
BACHELOR OF SCIENCE IN BIOLOGY,Degree,CHUKA UNIVERSITY,,15.683,16.974,17.459
BACHELOR OF SCIENCE IN BIOLOGY ( BOTANY OR ZOOLOGY OPTION),Degree,KISII UNIVERSITY,,15.683,16.974,
BACHELOR OF SCIENCE(BIOLOGICAL SCIENCES),Degree,JARAMOGI OGINGA ODINGA UNIVERSITY OF SCIENCE AND TECHNOLOGY,,15.683,16.974,17.459
BACHELOR OF SCIENCE (BIOLOGY),Degree,KAIMOSI FRIENDS UNIVERSITY,,15.683,16.974,17.459
BACHELOR OF SCIENCE (BIOLOGY),Degree,UNIVERSITY OF NAIROBI,,24.957,16.974,17.459
BACHELOR OF SCIENCE (BIOLOGY),Degree,KENYATTA UNIVERSITY,,24.74,16.974,17.459
BACHELOR OF SCIENCE (BIOLOGY),Degree,KIBABII UNIVERSITY,,15.683,16.974,17.459
BACHELOR OF SCIENCE IN BIOLOGY,Degree,CATHOLIC UNIVERSITY OF EASTERN AFRICA,,15.683,16.974,17.459
BACHELOR OF SCIENCE IN BIOLOGY,Degree,"UNIVERSITY OF EASTERN AFRICA, BARATON",,15.683,16.974,17.459
BACHELOR OF SCIENCE IN BIOLOGY,Degree,MACHAKOS UNIVERSITY,,15.683,16.974,17.459
BACHELOR OF SCIENCE (BIOCHEMISTRY),Degree,CHUKA UNIVERSITY,,15.683,16.974,17.459
BACHELOR OF SCIENCE (BIOCHEMISTRY),Degree,UNIVERSITY OF EMBU,,15.683,16.974,17.459
BACHELOR OF SCIENCE (BIOCHEMISTRY),Degree,KISII UNIVERSITY,,15.683,16.974,17.459
BACHELOR OF SCIENCE (BIOCHEMISTRY),Degree,MASINDE MULIRO UNIVERSITY OF SCIENCE & TECHNOLOGY,23.624,23.504,16.974,26.117
BACHELOR OF SCIENCE (BIOCHEMISTRY),Degree,KENYA METHODIST UNIVERSITY,,,16.974,
BACHELOR OF SCIENCE (BIOCHEMISTRY),Degree,RONGO UNIVERSITY,,15.683,16.974,17.459
BACHELOR OF SCIENCE (BIOCHEMISTRY),Degree,EGERTON UNIVERSITY,25.006,25.661,25.756,26.362
BACHELOR OF SCIENCE IN BIOCHEMISTRY,Degree,TECHNICAL UNIVERSITY OF MOMBASA,,15.683,16.974,17.459
"BACHELOR OF SCIENCE (BIOCHEMISTRY, WITH IT)",Degree,MASENO UNIVERSITY,28.777,30.294,16.974,28.679
BACHELOR OF SCIENCE (BIOCHEMISTRY),Degree,UNIVERSITY OF NAIROBI,29.936,32.695,31.056,36.603
BACHELOR OF SCIENCE (BIOCHEMISTRY),Degree,MOI UNIVERSITY,,25.581,27.542,28.838
BACHELOR OF SCIENCE (BIOCHEMISTRY),Degree,UNIVERSITY OF KABIANGA,,15.683,16.974,17.459
BACHELOR OF SCIENCE (BIOCHEMISTRY),Degree,PWANI UNIVERSITY,,15.683,16.974,17.459
BACHELOR OF SCIENCE (BIOCHEMISTRY),Degree,TECHNICAL UNIVERSITY OF KENYA,24.194,31.23,32.89,32.888
BACHELOR OF SCIENCE (BIOCHEMISTRY),Degree,KENYATTA UNIVERSITY,27.87,32.976,31.582,33.576
BACHELOR OF SCIENCE IN BIOCHEMISTRY,Degree,MERU UNIVERSITY OF SCIENCE AND TECHNOLOGY,,15.683,16.974,17.459
BACHELOR OF SCIENCE IN BIOCHEMISTRY,Degree,UNIVERSITY OF ELDORET,,15.683,16.974,17.459
BACHELOR OF SCIENCE (BIOCHEMISTRY,Degree,LAIKIPIA UNIVERSITY,,15.683,16.974,17.459
BACHELOR OF SCIENCE (ANALYTICAL CHEMISTRY),Degree,UNIVERSITY OF EMBU,,15.683,15.982,16.787
BACHELOR OF SCIENCE (ANALYTICAL CHEMISTRY),Degree,KISII UNIVERSITY,,15.683,15.982,16.787
BACHELOR OF SCIENCE IN ANALYTICAL CHEMISTRY,Degree,TAITA TAVETA UNIVERSITY,,15.683,15.982,16.787
BACHELOR OF SCIENCE IN ANALYTICAL CHEMISTRY,Degree,KIRINYAGA UNIVERSITY,,15.683,15.982,16.787
BACHELOR OF SCIENCE IN ANALYTICAL CHEMISTRY WITH COMPUTING,Degree,UNIVERSITY OF ELDORET,,15.683,15.982,16.787
BACHELOR OF SCIENCE (ANALYTICAL CHEMISTRY WITH MANAGEMENT),Degree,KENYATTA UNIVERSITY,,25.901,27.578,25.479
BACHELOR OF SCIENCE (ANALYTICAL CHEMISTRY),Degree,UNIVERSITY OF NAIROBI,24.726,27.085,31.513,28.611
BACHELOR OF SCIENCE (ANALYTICAL CHEMISTRY),Degree,MURANG'A UNIVERSITY OF TECHNOLOGY,,15.683,15.982,16.787
BACHELOR OF SCIENCE IN ANALYTICAL CHEMISTRY,Degree,JOMO KENYATTA UNIVERSITY OF AGRICULTURE AND TECHNOLOGY,,24.651,24.218,25.969
BACHELOR OF SCIENCE IN ANALYTICAL CHEMISTRY,Degree,MACHAKOS UNIVERSITY,,15.683,15.982,16.787
BACHELOR OF SCIENCE IN ANALYTICAL CHEMISTRY,Degree,MULTIMEDIA UNIVERSITY OF KENYA,,15.683,15.982,16.787
"BACHELOR OF SCIENCE (ANALYTICAL CHEMISTRY, WITH IT)",Degree,MASENO UNIVERSITY,,15.683,15.982,16.787
BACHELOR OF SCIENCE (COMPUTER SCIENCE),Degree,CHUKA UNIVERSITY,35.794,35.372,35.626,33.917
BACHELOR OF SCIENCE (COMPUTER SCIENCE),Degree,UNIVERSITY OF EMBU,32.223,28.842,24.551,19.223
BACHELOR OF SCIENCE (COMPUTER SCIENCE),Degree,MASINDE MULIRO UNIVERSITY OF SCIENCE & TECHNOLOGY,34.815,36.48,36.441,34.082
BACHELOR OF SCIENCE (COMPUTER SCIENCE),Degree,KIRINYAGA UNIVERSITY,23.768,24.086,18.638,19.223
BACHELOR OF SCIENCE (COMPUTER SCIENCE),Degree,AFRICA NAZARENE UNIVERSITY,,18.814,18.638,37.504
BACHELOR OF SCIENCE (COMPUTER SCIENCE),Degree,RONGO UNIVERSITY,,25.117,18.638,19.223
BACHELOR OF SCIENCE (COMPUTER SCIENCE),Degree,EGERTON UNIVERSITY,38.369,38.37,37.746,35.309
BACHELOR OF SCIENCE IN COMPUTER SCIENCE,Degree,GARISSA UNIVERSITY,,18.814,18.638,19.223
BACHELOR OF SCIENCE IN COMPUTER SCIENCE,Degree,GRETSA UNIVERSITY,,18.814,18.638,19.223
BACHELOR OF SCIENCE IN COMPUTER SCIENCE,Degree,KISII UNIVERSITY,24.741,23.41,23.378,19.223
BACHELOR OF SCIENCE IN COMPUTER SCIENCE,Degree,CO-OPERATIVE UNIVERSITY OF KENYA,38.858,37.695,38.257,36.09
BACHELOR OF SCIENCE IN COMPUTER SCIENCE,Degree,TECHNICAL UNIVERSITY OF MOMBASA,34.639,35.209,36.915,36.536
BACHELOR OF SCIENCE IN COMPUTER SCIENCE,Degree,KABARAK UNIVERSITY,23.223,24.072,18.638,35.68
BACHELOR OF SCIENCE IN COMPUTER SCIENCE,Degree,RIARA UNIVERSITY,36.745,35.796,,38.792
BACHELOR OF SCIENCE IN COMPUTER SCIENCE,Degree,BOMET UNIVERSITY COLLEGE,,18.814,,
BACHELOR OF SCIENCE IN COMPUTER SCIENCE,Degree,TURKANA UNIVERSITY COLLEGE,,18.814,18.638,
BACHELOR OF SCIENCE IN COMPUTER SCIENCE,Degree,CATHOLIC UNIVERSITY OF EASTERN AFRICA,,18.814,18.638,33.279
BACHELOR OF SCIENCE IN COMPUTER SCIENCE,Degree,KAIMOSI FRIENDS UNIVERSITY,,25.508,18.638,19.223
BACHELOR OF SCIENCE IN COMPUTER SCIENCE,Degree,KIRIRI WOMENS UNIVERSITY OF SCIENCE AND TECHNOLOGY,,18.814,18.638,19.223
BACHELOR OF SCIENCE IN COMPUTER SCIENCE,Degree,ZETECH UNIVERSITY,,18.814,18.638,19.223
BACHELOR OF SCIENCE IN COMPUTER SCIENCE,Degree,MOUNT KENYA UNIVERSITY,38.362,39.238,37.675,37.646
BACHELOR OF SCIENCE IN COMPUTER SCIENCE,Degree,JOMO KENYATTA UNIVERSITY OF AGRICULTURE AND TECHNOLOGY,43.23,44.101,43.809,42.489
BACHELOR OF SCIENCE IN COMPUTER SCIENCE,Degree,KARATINA UNIVERSITY,28.128,24.643,24.097,19.223
BACHELOR OF SCIENCE IN COMPUTER SCIENCE,Degree,MERU UNIVERSITY OF SCIENCE AND TECHNOLOGY,33.319,33.433,33.475,28.437
BACHELOR OF SCIENCE IN COMPUTER SCIENCE,Degree,PRESBYTERIAN UNIVERSITY OF EAST AFRICA,,18.814,18.638,19.223
BACHELOR OF SCIENCE IN COMPUTER SCIENCE,Degree,DEDAN KIMATHI UNIVERSITY OF TECHNOLOGY,39.579,39.746,39.405,38.87
BACHELOR OF SCIENCE IN COMPUTER SCIENCE,Degree,MULTIMEDIA UNIVERSITY OF KENYA,41.29,41.039,41.44,41.049
BACHELOR OF SCIENCE IN COMPUTER SCIENCE,Degree,UNIVERSITY OF ELDORET,26.594,35.408,35.319,32.922
BACHELOR OF SCIENCE IN COMPUTER SCIENCE,Degree,ST PAULS UNIVERSITY,,18.814,18.638,19.223
BACHELOR OF SCIENCE (COMPUTER SCIENCE),Degree,THARAKA UNIVERSITY,,18.814,18.638,19.223
BACHELOR OF SCIENCE (COMPUTER SCIENCE),Degree,ALUPE UNIVERSITY,,18.814,18.638,19.223
BACHELOR OF SCIENCE (COMPUTER SCIENCE),Degree,KENYATTA UNIVERSITY - MAMA NGINA UNIVERSITY COLLEGE,34.654,33.591,31.293,19.223
BACHELOR OF SCIENCE (COMPUTER SCIENCE),Degree,THE EAST AFRICAN UNIVERSITY,,18.814,18.638,19.223
BACHELOR OF SCIENCE (COMPUTER SCIENCE),Degree,UNIVERSITY OF NAIROBI,44.401,44.825,44.122,44.178
BACHELOR OF SCIENCE (COMPUTER SCIENCE),Degree,MOI UNIVERSITY,22.815,38.968,37.892,39.701
BACHELOR OF SCIENCE (COMPUTER SCIENCE),Degree,MASENO UNIVERSITY,36.264,38.155,37.84,36.045
BACHELOR OF SCIENCE (COMPUTER SCIENCE),Degree,MACHAKOS UNIVERSITY,34.156,35.264,34.867,31.822
BACHELOR OF SCIENCE (COMPUTER SCIENCE),Degree,KENYA HIGHLANDS EVANGELICAL UNIVERSITY,,18.814,18.638,19.223
BACHELOR OF SCIENCE (COMPUTER SCIENCE),Degree,SOUTH EASTERN KENYA UNIVERSITY,,18.814,18.638,19.223
BACHELOR OF SCIENCE (COMPUTER SCIENCE),Degree,MAASAI MARA UNIVERSITY,33.828,32.782,31.458,19.223
BACHELOR OF SCIENCE (COMPUTER SCIENCE),Degree,UNIVERSITY OF KABIANGA,24.8,24.015,25.012,26.731
BACHELOR OF SCIENCE (COMPUTER SCIENCE),Degree,PWANI UNIVERSITY,30.942,34.003,34.938,32.972
BACHELOR OF SCIENCE (COMPUTER SCIENCE),Degree,KENYATTA UNIVERSITY,42.399,43.497,43.23,42.474
BACHELOR OF SCIENCE (COMPUTER SCIENCE),Degree,KIBABII UNIVERSITY,23.984,26.078,28.012,25.988
BACHELOR OF SCIENCE (COMPUTER SCIENCE,Degree,MURANG'A UNIVERSITY OF TECHNOLOGY,35.478,35.024,34.872,31.734
BACHELOR OF SCIENCE (COMPUTER SCIENCE,Degree,LAIKIPIA UNIVERSITY,25.433,26.766,25.264,19.223
BACHELOR OF SCIENCE (CIVIL ENGINEERING),Degree,TAITA TAVETA UNIVERSITY,34.293,28.212,,
BACHELOR OF SCIENCE IN CIVIL ENGINEERING,Degree,UNIVERSITY OF EMBU,36.545,,,
BACHELOR OF SCIENCE IN CIVIL ENGINEERING,Degree,TECHNICAL UNIVERSITY OF MOMBASA,37.233,38.391,38.702,36.844
BACHELOR OF SCIENCE IN CIVIL ENGINEERING,Degree,JOMO KENYATTA UNIVERSITY OF AGRICULTURE AND TECHNOLOGY,42.3,42.618,42.178,42.143
BACHELOR OF SCIENCE IN CIVIL ENGINEERING,Degree,MURANG'A UNIVERSITY OF TECHNOLOGY,36.156,32.717,,
BACHELOR OF SCIENCE IN CIVIL ENGINEERING,Degree,DEDAN KIMATHI UNIVERSITY OF TECHNOLOGY,39.366,39.863,39.769,36.958
BACHELOR OF SCIENCE IN CIVIL ENGINEERING,Degree,MACHAKOS UNIVERSITY,37.272,38.015,37.584,35.54
BACHELOR OF SCIENCE IN CIVIL ENGINEERING,Degree,MULTIMEDIA UNIVERSITY OF KENYA,38.79,39.11,38.924,36.413
BACHELOR OF ENGINEERING (CIVIL ENGINEERING),Degree,TECHNICAL UNIVERSITY OF KENYA,40.572,41.924,41.524,40.771
BACHELOR OF SCIENCE (CIVIL ENGINEERING),Degree,UNIVERSITY OF NAIROBI,43.121,43.463,43.091,42.723
BACHELOR OF SCIENCE (CIVIL ENGINEERING),Degree,SOUTH EASTERN KENYA UNIVERSITY,35.556,34.851,35.858,35.498
BACHELOR OF SCIENCE (CIVIL ENGINEERING),Degree,KENYATTA UNIVERSITY,42.546,42.574,42.148,41.517
BACHELOR OF SCIENCE IN ELECTRICAL & ELECTRONIC ENGINEERING,Degree,TECHNICAL UNIVERSITY OF MOMBASA,36.417,35.82,37.437,37.048
BACHELOR OF SCIENCE IN ELECTRICAL AND ELECTRONICS ENGINEERING,Degree,CHUKA UNIVERSITY,36.952,35.699,37.673,34.397
BACHELOR OF SCIENCE IN ELECTRICAL AND ELECTRONICS ENGINEERING,Degree,EGERTON UNIVERSITY,39.003,36.804,,
BACHELOR OF SCIENCE (ELECTRICAL AND ELECTRONICS ENGINEERING),Degree,SOUTH EASTERN KENYA UNIVERSITY,33.976,32.815,34.532,34.105
BACHELOR OF SCIENCE IN ELECTRICAL AND ELECTRONIC ENGINEERING,Degree,JOMO KENYATTA UNIVERSITY OF AGRICULTURE AND TECHNOLOGY,42.755,42.434,42.291,41.272
BACHELOR OF SCIENCE IN ELECTRICAL AND ELECTRONIC ENGINEERING,Degree,DEDAN KIMATHI UNIVERSITY OF TECHNOLOGY,39.302,38.823,39.454,38.127
BACHELOR OF SCIENCE (ELECTRICAL AND ELECTRONIC ENGINEERING),Degree,UNIVERSITY OF NAIROBI,42.208,43.003,42.776,41.218
BACHELOR OF SCIENCE IN ELECTRICAL AND ELECTRONICS ENGINEERING,Degree,MURANG'A UNIVERSITY OF TECHNOLOGY,35.822,35.502,36.165,32.646
BACHELOR OF SCIENCE IN ELECTRICAL AND ELECTRONICS ENGINEERING,Degree,MACHAKOS UNIVERSITY,36.61,36.144,36.857,34.515
BACHELOR OF SCIENCE (ELECTRICAL & ELECTRONICS ENGINEERING),Degree,KENYATTA UNIVERSITY,42.271,42.275,42.125,40.965
BACHELOR OF SCIENCE IN MECHANICAL ENGINEERING,Degree,TECHNICAL UNIVERSITY OF MOMBASA,35.195,37.156,36.813,34.401
BACHELOR OF SCIENCE (MECHANICAL ENGINEERING),Degree,UNIVERSITY OF NAIROBI,41.798,41.835,41.321,40.593
BACHELOR OF SCIENCE (MECHANICAL ENGINEERING),Degree,SOUTH EASTERN KENYA UNIVERSITY,31.719,31.83,33.403,31.256
BACHELOR OF SCIENCE (MECHANICAL ENGINEERING),Degree,KENYATTA UNIVERSITY,40.925,41.109,41.033,40.409
BACHELOR OF SCIENCE IN MECHANICAL ENGINEERING,Degree,JOMO KENYATTA UNIVERSITY OF AGRICULTURE AND TECHNOLOGY,40.562,41.45,41.449,40.381
BACHELOR OF SCIENCE IN MECHANICAL ENGINEERING,Degree,DEDAN KIMATHI UNIVERSITY OF TECHNOLOGY,37.579,37.487,37.987,36.161
BACHELOR OF SCIENCE IN MECHANICAL ENGINEERING,Degree,MACHAKOS UNIVERSITY,35.22,35.444,35.198,31.835
BACHELOR OF ENGINEERING (MECHANICAL ENGINEERING),Degree,TECHNICAL UNIVERSITY OF KENYA,38.945,39.887,40.186,39.851
BACHELOR OF SCIENCE,Degree,CHUKA UNIVERSITY,,15.683,16.974,17.459
BACHELOR OF SCIENCE,Degree,GARISSA UNIVERSITY,,15.683,16.974,17.459
BACHELOR OF SCIENCE,Degree,KIRINYAGA UNIVERSITY,,15.683,16.974,17.459
BACHELOR OF SCIENCE,Degree,KABARAK UNIVERSITY,,15.683,16.974,17.459
BACHELOR OF SCIENCE,Degree,EGERTON UNIVERSITY,,15.683,16.974,17.459
BACHELOR OF SCIENCE (BSC.),Degree,UNIVERSITY OF EMBU,,15.683,16.974,17.459
BSC (SCIENCE),Degree,MERU UNIVERSITY OF SCIENCE AND TECHNOLOGY,,15.683,16.974,17.459
BACHELOR OF SCIENCE (BSC.),Degree,MOI UNIVERSITY,,15.683,16.974,17.459
BACHELOR OF SCIENCE (BSC.),Degree,UNIVERSITY OF KABIANGA,,15.683,16.974,17.459
"BACHELOR OF SCIENCE(PHYSICS, BIOLOGY,CHEMISTRY,MATHEMATICS)",Degree,LAIKIPIA UNIVERSITY,,15.683,16.974,17.459
"BACHELOR OF SCIENCE (BASIC SCIENCE, WITH IT)",Degree,TOM MBOYA UNIVERSITY,,15.683,16.974,17.459
"BACHELOR OF SCIENCE (BASIC SCIENCE, WITH IT)",Degree,MASENO UNIVERSITY,,15.683,16.974,17.459
BACHELOR OF SCIENCE,Degree,THARAKA UNIVERSITY,,15.683,16.974,17.459
BACHELOR OF SCIENCE,Degree,MURANG'A UNIVERSITY OF TECHNOLOGY,,15.683,16.974,17.459
BACHELOR OF SCIENCE (B.SC),Degree,UNIVERSITY OF NAIROBI,,15.683,16.974,17.459
BACHELOR OF SCIENCE (B.SC),Degree,JOMO KENYATTA UNIVERSITY OF AGRICULTURE AND TECHNOLOGY,,15.683,16.974,17.459
BACHELOR OF SCIENCE (B.SC),Degree,UNIVERSITY OF ELDORET,,15.683,16.974,17.459
BACHELOR OF SCIENCE (B.SC),Degree,KENYATTA UNIVERSITY,,15.683,16.974,17.459
BACHELOR OF SCIENCE (AGRICULTURAL ENGINEERING),Degree,EGERTON UNIVERSITY,27.448,27.708,28.798,16.787
BACHELOR OF SCIENCE (AGRICULTURAL & BIO-SYSTEMS ENGINEERING),Degree,KENYATTA UNIVERSITY,29.162,30.198,28.555,30.154
BACHELOR OF ENGINEERING (AGRICULTURAL & BIO-SYSTEMS ENGINEERING),Degree,UNIVERSITY OF ELDORET,,27.819,15.982,16.787
BACHELOR OF SCIENCE (AGRICULTURAL ENGINEERING),Degree,SOUTH EASTERN KENYA UNIVERSITY,,15.683,15.982,16.787
BACHELOR OF SCIENCE (AGRICULTURAL AND BIOSYSTEMS ENGINEERING),Degree,JOMO KENYATTA UNIVERSITY OF AGRICULTURE AND TECHNOLOGY,31.683,27.474,33.508,30.805
BACHELOR OF SCIENCE (BIOSYSTEMS ENGINEERING),Degree,UNIVERSITY OF NAIROBI,28.245,28.557,31.471,29.073
BACHELOR OF SCIENCE (AGRICULTURE),Degree,CHUKA UNIVERSITY,,15.864,17.043,17.459
BACHELOR OF SCIENCE (AGRICULTURE),Degree,UNIVERSITY OF EMBU,,15.864,17.043,17.459
BACHELOR OF SCIENCE (AGRICULTURE),Degree,RONGO UNIVERSITY,,15.864,17.043,17.459
BACHELOR OF SCIENCE (AGRICULTURE),Degree,EGERTON UNIVERSITY,23.659,15.864,23.701,17.459
BACHELOR OF SCIENCE IN AGRICULTURE,Degree,TAITA TAVETA UNIVERSITY,,15.864,17.043,17.459
BACHELOR OF SCIENCE IN AGRICULTURE,Degree,KISII UNIVERSITY,,15.864,17.043,17.459
BACHELOR OF SCIENCE IN AGRICULTURE,Degree,KENYA METHODIST UNIVERSITY,,15.864,17.043,17.459
BACHELOR OF SCIENCE IN AGRICULTURE,Degree,THARAKA UNIVERSITY,,15.864,,17.459
BACHELOR OF SCIENCE IN AGRICULTURE,Degree,JOMO KENYATTA UNIVERSITY OF AGRICULTURE AND TECHNOLOGY,29.108,29.064,32.284,27.265
BACHELOR OF SCIENCE IN AGRICULTURE,Degree,"UNIVERSITY OF EASTERN AFRICA, BARATON",,15.864,17.043,17.459
BACHELOR OF SCIENCE IN AGRICULTURE,Degree,PWANI UNIVERSITY,,15.864,17.043,17.459
BACHELOR OF SCIENCE (AGRICULTURE),Degree,UNIVERSITY OF NAIROBI,,15.864,22.782,17.459
BACHELOR OF SCIENCE (AGRICULTURE),Degree,MURANG'A UNIVERSITY OF TECHNOLOGY,,15.864,17.043,17.459
BACHELOR OF SCIENCE (AGRICULTURE),Degree,MERU UNIVERSITY OF SCIENCE AND TECHNOLOGY,,15.864,17.043,17.459
BACHELOR OF SCIENCE (AGRICULTURE),Degree,SOUTH EASTERN KENYA UNIVERSITY,,15.864,17.043,17.459
BACHELOR OF SCIENCE (AGRICULTURE),Degree,UNIVERSITY OF KABIANGA,,15.864,17.043,17.459
BACHELOR OF SCIENCE (AGRICULTURE),Degree,UNIVERSITY OF ELDORET,,15.864,24.913,17.459
BACHELOR OF SCIENCE (AGRICULTURE),Degree,KENYATTA UNIVERSITY,,15.864,23.704,17.459
BACHELOR OF SCIENCE (MICROBIOLOGY),Degree,KISII UNIVERSITY,,15.683,16.974,17.459
BACHELOR OF SCIENCE (MICROBIOLOGY),Degree,RONGO UNIVERSITY,,15.683,16.974,17.459
BACHELOR OF SCIENCE (MICROBIOLOGY),Degree,ALUPE UNIVERSITY,,15.683,16.974,17.459
BACHELOR OF SCIENCE (MICROBIOLOGY),Degree,MOI UNIVERSITY,,26.794,16.974,17.459
BACHELOR OF SCIENCE (MICROBIOLOGY),Degree,JOMO KENYATTA UNIVERSITY OF AGRICULTURE AND TECHNOLOGY,25.288,25.28,26.199,25.51
BACHELOR OF SCIENCE (MICROBIOLOGY),Degree,MAASAI MARA UNIVERSITY,,15.683,16.974,17.459
BACHELOR OF SCIENCE (MICROBIOLOGY),Degree,UNIVERSITY OF KABIANGA,,15.683,16.974,17.459
BACHELOR OF SCIENCE (MICROBIOLOGY),Degree,PWANI UNIVERSITY,,15.683,16.974,17.459
BACHELOR OF SCIENCE (MICROBIOLOGY),Degree,UZIMA UNIVERSITY,,15.683,16.974,17.459
BACHELOR OF SCIENCE (MICROBIOLOGY),Degree,KENYATTA UNIVERSITY,24.56,25.46,25.937,28.038
BACHELOR OF SCIENCE (FOOD SCIENCE & TECHNOLOGY),Degree,CHUKA UNIVERSITY,,15.864,17.043,17.459
BACHELOR OF SCIENCE (FOOD SCIENCE & TECHNOLOGY),Degree,EGERTON UNIVERSITY,23.108,24.645,17.043,17.459
BACHELOR OF SCIENCE (FOOD SCIENCE AND TECHNOLOGY),Degree,MASINDE MULIRO UNIVERSITY OF SCIENCE & TECHNOLOGY,,15.864,17.043,17.459
BACHELOR OF SCIENCE IN FOOD TECHNOLOGY & QUALITY ASSURANCE,Degree,TECHNICAL UNIVERSITY OF MOMBASA,,15.864,17.043,17.459
BACHELOR OF SCIENCE IN FOOD SCIENCE AND TECHNOLOGY,Degree,JOMO KENYATTA UNIVERSITY OF AGRICULTURE AND TECHNOLOGY,31.175,30.855,33.076,31.645
BACHELOR OF SCIENCE IN FOOD SCIENCE AND TECHNOLOGY,Degree,DEDAN KIMATHI UNIVERSITY OF TECHNOLOGY,,15.864,17.043,17.459
BACHELOR OF SCIENCE (FOOD SCIENCE AND TECHNOLOGY),Degree,UNIVERSITY OF NAIROBI,29.591,23.85,32.155,30.539
BACHELOR OF SCIENCE (FOOD SCIENCE AND TECHNOLOGY),Degree,MERU UNIVERSITY OF SCIENCE AND TECHNOLOGY,,15.864,17.043,17.459
BACHELOR OF TECHNOLOGY (FOOD SCIENCE AND TECHNOLOGY),Degree,TECHNICAL UNIVERSITY OF KENYA,,15.864,27.932,25.402
BACHELOR OF SCIENCE (FOOD SCIENCE & TECHNOLOGY),Degree,MURANG'A UNIVERSITY OF TECHNOLOGY,,15.864,17.043,17.459
BACHELOR OF PHARMACY,Degree,KISII UNIVERSITY,42.776,43.111,43.003,42.017
BACHELOR OF PHARMACY,Degree,KENYA METHODIST UNIVERSITY,39.918,39.609,34.15,42.564
BACHELOR OF PHARMACY,Degree,KABARAK UNIVERSITY,41.648,41.093,38.341,42.807
"BACHELOR OF PHARMACY, WITH IT",Degree,MASENO UNIVERSITY,42.967,43.308,43.126,42.847
BACHELOR OF PHARMACY,Degree,MOUNT KENYA UNIVERSITY,42.484,42.989,39.982,43.292
BACHELOR OF PHARMACY,Degree,UNIVERSITY OF NAIROBI,43.457,44.452,43.885,43.68
BACHELOR OF PHARMACY,Degree,JOMO KENYATTA UNIVERSITY OF AGRICULTURE AND TECHNOLOGY,43.697,43.872,43.483,43.083
BACHELOR OF PHARMACY,Degree,KENYATTA UNIVERSITY,43.381,44.01,43.541,43.604
BACHELOR OF MEDICINE & BACHELOR OF SURGERY,Degree,KENYA METHODIST UNIVERSITY,43.076,42.636,38.04,43.816
BACHELOR OF MEDICINE & BACHELOR OF SURGERY,Degree,EGERTON UNIVERSITY,44.504,44.563,44.079,43.749
BACHELOR OF MEDICINE AND BACHELOR OF SURGERY,Degree,KISII UNIVERSITY,44.149,44.434,44.012,43.815
BACHELOR OF MEDICINE AND BACHELOR OF SURGERY,Degree,MASINDE MULIRO UNIVERSITY OF SCIENCE & TECHNOLOGY,44.16,44.435,44.026,43.841
BACHELOR OF MEDICINE AND BACHELOR OF SURGERY,Degree,TECHNICAL UNIVERSITY OF MOMBASA,43.734,,,
BACHELOR OF MEDICINE & BACHELOR OF SURGERY (M.B.CH.B.),Degree,UZIMA UNIVERSITY,41.734,40.547,33.193,43.347
BACHELOR OF MEDICINE & BACHELOR OF SURGERY (M.B.CH.B.),Degree,KENYATTA UNIVERSITY,44.904,45.433,44.914,44.995
BACHELOR OF MEDICINE AND BACHELOR OF SURGERY (WITH IT),Degree,MASENO UNIVERSITY,44.602,44.787,44.463,44.143
BACHELOR OF MEDICINE AND BACHELOR OF SURGERY,Degree,MOUNT KENYA UNIVERSITY,44.504,44.35,43.486,44.557
BACHELOR OF MEDICINE AND BACHELOR OF SURGERY,Degree,UNIVERSITY OF NAIROBI,44.926,45.584,45.034,45.106
BACHELOR OF MEDICINE AND BACHELOR OF SURGERY,Degree,JOMO KENYATTA UNIVERSITY OF AGRICULTURE AND TECHNOLOGY,44.834,45.048,44.611,44.62
BACHELOR OF MEDICINE AND BACHELOR OF SURGERY,Degree,PWANI UNIVERSITY,43.048,44.434,,
BACHELOR OF MEDICINE AND BACHELOR OF SURGERY (MBCHB),Degree,MOI UNIVERSITY,42.066,45.087,44.492,44.44
BACHELOR OF SCIENCE (NURSING),Degree,CHUKA UNIVERSITY,41.023,41.38,41.319,40.183
BACHELOR OF SCIENCE (NURSING),Degree,UNIVERSITY OF EMBU,40.171,39.387,40.621,39.293
BACHELOR OF SCIENCE (NURSING),Degree,MASINDE MULIRO UNIVERSITY OF SCIENCE & TECHNOLOGY,40.358,42.475,41.939,41.112
BACHELOR OF SCIENCE (NURSING),Degree,KIRINYAGA UNIVERSITY,39.372,39.875,39.509,38.608
BACHELOR OF SCIENCE IN NURSING,Degree,KISII UNIVERSITY,41.164,42.08,41.825,40.424
BACHELOR OF SCIENCE IN NURSING,Degree,KENYA METHODIST UNIVERSITY,38.665,39.32,35.575,40.353
BACHELOR OF SCIENCE IN NURSING,Degree,KABARAK UNIVERSITY,40.468,39.768,37.592,41.497
BACHELOR OF SCIENCE IN NURSING,Degree,EGERTON UNIVERSITY,42.049,42.166,41.947,40.995
BACHELOR OF SCIENCE IN NURSING SCIENCE,Degree,DEDAN KIMATHI UNIVERSITY OF TECHNOLOGY,40.07,40.629,41.269,40.241
"BACHELOR OF SCIENCE (NURSING, WITH IT)",Degree,MASENO UNIVERSITY,41.836,42.529,42.357,41.59
BACHELOR OF SCIENCE (NURSING AND PUBLIC HEALTH),Degree,PWANI UNIVERSITY,39.838,40.461,40.22,39.424
BACHELOR OF SCIENCE (NURSING AND PUBLIC HEALTH),Degree,KENYATTA UNIVERSITY,40.809,43.051,42.773,42.67
BACHELOR OF SCIENCE IN NURSING,Degree,ALUPE UNIVERSITY,39.156,,,
BACHELOR OF SCIENCE IN NURSING,Degree,ZETECH UNIVERSITY,35.955,,,
BACHELOR OF SCIENCE IN NURSING,Degree,KARATINA UNIVERSITY,39.658,39.777,39.712,38.804
BACHELOR OF SCIENCE (NURSING),Degree,THARAKA UNIVERSITY,39.715,,,
BACHELOR OF SCIENCE (NURSING),Degree,KENYATTA UNIVERSITY - MAMA NGINA UNIVERSITY COLLEGE,40.726,40.891,40.027,36.957
BACHELOR OF SCIENCE (NURSING),Degree,UNIVERSITY OF NAIROBI,41.935,43.676,43.297,42.922
BACHELOR OF SCIENCE (NURSING),Degree,MOI UNIVERSITY,36.592,42.39,42.216,41.261
BACHELOR OF SCIENCE (NURSING),Degree,MURANG'A UNIVERSITY OF TECHNOLOGY,39.052,40.399,39.901,36.484
BACHELOR OF SCIENCE (NURSING),Degree,MERU UNIVERSITY OF SCIENCE AND TECHNOLOGY,38.64,40.452,40.451,39.676
BACHELOR OF SCIENCE (NURSING),Degree,SOUTH EASTERN KENYA UNIVERSITY,39.342,39.547,39.03,38.18
BACHELOR OF SCIENCE (NURSING),Degree,UNIVERSITY OF KABIANGA,40.003,41.076,40.834,40.114
BACHELOR OF SCIENCE IN NURSING,Degree,LUKENYA UNIVERSITY,28.948,,,
BACHELOR OF SCIENCE IN NURSING,Degree,CATHOLIC UNIVERSITY OF EASTERN AFRICA,39.609,39.817,37.182,40.479
BACHELOR OF SCIENCE IN NURSING,Degree,KAIMOSI FRIENDS UNIVERSITY,39.061,40.008,39.784,37.808
BACHELOR OF SCIENCE IN NURSING,Degree,MOUNT KENYA UNIVERSITY,41.325,41.626,41.098,42.026
BACHELOR OF SCIENCE IN NURSING,Degree,JOMO KENYATTA UNIVERSITY OF AGRICULTURE AND TECHNOLOGY,41.614,42.95,42.73,42.368
BACHELOR OF SCIENCE IN NURSING,Degree,PRESBYTERIAN UNIVERSITY OF EAST AFRICA,36.671,35.386,27.25,38.227
BACHELOR OF SCIENCE IN NURSING,Degree,GREAT LAKES UNIVERSITY OF KISUMU,36.19,36.378,36.13,37.392
BACHELOR OF SCIENCE IN NURSING,Degree,KENYA HIGHLANDS EVANGELICAL UNIVERSITY,35.725,25.774,,
BACHELOR OF SCIENCE IN NURSING,Degree,MAASAI MARA UNIVERSITY,40.069,40.515,40.529,38.825
BACHELOR OF SCIENCE IN NURSING,Degree,DAYSTAR UNIVERSITY,37.512,36.051,29.85,39.332
BACHELOR OF SCIENCE IN NURSING,Degree,UZIMA UNIVERSITY,36.484,35.483,26.401,38.377
BACHELOR OF SCIENCE IN NURSING,Degree,KIBABII UNIVERSITY,39.838,40.305,40.077,38.696
BACHELOR OF SCIENCE IN NURSING,Degree,ST PAULS UNIVERSITY,37.623,37.302,33.733,38.486
BACHELOR OF COMMERCE,Degree,CHUKA UNIVERSITY,26.33,25.421,23.266,24.769
BACHELOR OF COMMERCE,Degree,KCA UNIVERSITY,,21.375,21.444,25.523
BACHELOR OF COMMERCE,Degree,UNIVERSITY OF EMBU,23.007,21.375,21.444,22.544
BACHELOR OF COMMERCE,Degree,GRETSA UNIVERSITY,,21.375,21.444,22.544
BACHELOR OF COMMERCE,Degree,KISII UNIVERSITY,23.775,24.305,21.444,22.544
BACHELOR OF COMMERCE,Degree,MASINDE MULIRO UNIVERSITY OF SCIENCE & TECHNOLOGY,23.175,23.929,21.444,24.453
BACHELOR OF COMMERCE,Degree,KIRINYAGA UNIVERSITY,,21.375,21.444,22.544
BACHELOR OF COMMERCE,Degree,PAN AFRICA CHRISTIAN UNIVERSITY,,21.375,21.444,22.544
BACHELOR OF COMMERCE,Degree,MANAGEMENT UNIVERSITY OF AFRICA,,21.375,21.444,22.544
BACHELOR OF COMMERCE,Degree,TECHNICAL UNIVERSITY OF MOMBASA,,21.375,21.444,29.992
BACHELOR OF COMMERCE,Degree,KABARAK UNIVERSITY,,21.375,21.444,22.544
BACHELOR OF COMMERCE,Degree,EGERTON UNIVERSITY,30.136,30.01,26.655,26.592
BACHELOR OF COMMERCE (B.COM),Degree,TAITA TAVETA UNIVERSITY,,21.375,21.444,22.544
BACHELOR OF COMMERCE (B.COM),Degree,CO-OPERATIVE UNIVERSITY OF KENYA,28.501,24.003,21.444,24.305
BACHELOR OF COMMERCE (B.COM),Degree,AFRICA NAZARENE UNIVERSITY,,21.375,21.444,22.544
BACHELOR OF COMMERCE (B.COM),Degree,RONGO UNIVERSITY,,21.375,21.444,
BACHELOR OF COMMERCE,Degree,KOITALEEL SAMOEI UNIVERSITY COLLEGE,,21.375,21.444,22.544
BACHELOR OF COMMERCE,Degree,TURKANA UNIVERSITY COLLEGE,,21.375,21.444,
BACHELOR OF COMMERCE,Degree,LUKENYA UNIVERSITY,,21.375,21.444,22.544
BACHELOR OF COMMERCE,Degree,CATHOLIC UNIVERSITY OF EASTERN AFRICA,,21.375,21.444,22.544
BACHELOR OF COMMERCE,Degree,KAIMOSI FRIENDS UNIVERSITY,,21.375,21.444,22.544
BACHELOR OF COMMERCE,Degree,MOUNT KENYA UNIVERSITY,,21.375,21.444,26.072
BACHELOR OF COMMERCE,Degree,JOMO KENYATTA UNIVERSITY OF AGRICULTURE AND TECHNOLOGY,32.918,32.291,30.346,33.822
BACHELOR OF COMMERCE,Degree,MURANG'A UNIVERSITY OF TECHNOLOGY,,21.375,21.444,22.544
BACHELOR OF COMMERCE,Degree,SOUTH EASTERN KENYA UNIVERSITY,,21.375,21.444,22.544
BACHELOR OF COMMERCE,Degree,MAASAI MARA UNIVERSITY,,21.375,21.444,22.544
BACHELOR OF COMMERCE,Degree,MULTIMEDIA UNIVERSITY OF KENYA,25.371,24.16,21.444,22.544
BACHELOR OF COMMERCE,Degree,DAYSTAR UNIVERSITY,,21.375,21.444,22.544
BACHELOR OF COMMERCE,Degree,UNIVERSITY OF KABIANGA,23.207,23.545,,
BACHELOR OF COMMERCE,Degree,PWANI UNIVERSITY,,21.375,21.444,22.544
BACHELOR OF COMMERCE,Degree,UNIVERSITY OF ELDORET,24.164,,,
BACHELOR OF COMMERCE,Degree,KIBABII UNIVERSITY,,21.375,21.444,22.544
BACHELOR OF COMMERCE (B.COM),Degree,THARAKA UNIVERSITY,,21.375,21.444,22.544
BACHELOR OF COMMERCE (B.COM),Degree,KENYATTA UNIVERSITY - MAMA NGINA UNIVERSITY COLLEGE,,24.044,21.444,22.544
BACHELOR OF COMMERCE (B.COM),Degree,ZETECH UNIVERSITY,,21.375,21.444,22.544
BACHELOR OF COMMERCE (B.COM),Degree,UNIVERSITY OF NAIROBI,33.703,34.426,33.556,35.301
BACHELOR OF COMMERCE (B.COM),Degree,MERU UNIVERSITY OF SCIENCE AND TECHNOLOGY,,21.375,21.444,22.544
BACHELOR OF COMMERCE (B.COM),Degree,LAIKIPIA UNIVERSITY,,21.375,21.444,22.544
BACHELOR OF COMMERCE (B.COM),Degree,MACHAKOS UNIVERSITY,23.644,24.21,21.444,22.544
BACHELOR OF COMMERCE (B.COM),Degree,TECHNICAL UNIVERSITY OF KENYA,30.79,30.286,29.07,31.956
BACHELOR OF COMMERCE (B.COM),Degree,KENYATTA UNIVERSITY,32.962,32.613,30.779,33.49
BACHELOR OF COMMERCE (B.COM),Degree,ST PAULS UNIVERSITY,,21.375,21.444,22.544
BACHELOR OF COMMERCE(B.COM),Degree,DEDAN KIMATHI UNIVERSITY OF TECHNOLOGY,23.363,24.388,21.444,27.234
BACHELOR OF LAWS (LL.B.),Degree,CHUKA UNIVERSITY,39.419,38.894,39.904,39.032
BACHELOR OF LAWS (LL.B.),Degree,UNIVERSITY OF EMBU,38.428,38.421,38.819,38.042
BACHELOR OF LAWS (LL.B.),Degree,KISII UNIVERSITY,39.066,38.924,39.448,38.345
BACHELOR OF LAWS (LL.B.),Degree,KABARAK UNIVERSITY,37.927,37.986,35.922,40.271
BACHELOR OF LAWS (LLB),Degree,AFRICA NAZARENE UNIVERSITY,35.173,34.715,34.07,38.854
BACHELOR OF LAWS (LLB),Degree,RIARA UNIVERSITY,37.369,34.782,,40.393
BACHELOR OF LAWS (LLB),Degree,EGERTON UNIVERSITY,39.126,39.534,39.86,38.824
"BACHELOR OF LAWS (LL.B.), WITH IT",Degree,MASENO UNIVERSITY,39.699,39.798,39.439,
BACHELOR OF LAWS (LL.B.),Degree,MOI UNIVERSITY,33.665,40.225,40.788,40.095
BACHELOR OF LAWS (LL.B.),Degree,SOUTH EASTERN KENYA UNIVERSITY,36.887,33.8,,
BACHELOR OF LAWS (LL.B.),Degree,DAYSTAR UNIVERSITY,35.479,34.836,33.174,39.663
BACHELOR OF LAWS (LLB),Degree,THARAKA UNIVERSITY,36.078,,,
BACHELOR OF LAWS (LLB),Degree,TOM MBOYA UNIVERSITY,36.839,,,
BACHELOR OF LAWS (LLB),Degree,CATHOLIC UNIVERSITY OF EASTERN AFRICA,36.9,36.807,33.856,40.097
BACHELOR OF LAWS (LLB),Degree,MOUNT KENYA UNIVERSITY,40.165,40.474,39.748,41.5
BACHELOR OF LAWS (LLB),Degree,UNIVERSITY OF NAIROBI,40.402,42.014,41.758,42.348
BACHELOR OF LAWS (LLB),Degree,JOMO KENYATTA UNIVERSITY OF AGRICULTURE AND TECHNOLOGY,40.369,41.184,41.254,41.453
BACHELOR OF LAWS (LLB),Degree,KENYATTA UNIVERSITY,40.746,41.643,41.278,42.036
BACHELOR OF EDUCATION (ARTS),Degree,CHUKA UNIVERSITY,30.607,31.468,32.845,31.082
BACHELOR OF EDUCATION (ARTS),Degree,KCA UNIVERSITY,23.381,24.216,22.358,27.889
BACHELOR OF EDUCATION (ARTS),Degree,GARISSA UNIVERSITY,25.908,23.967,22.358,22.636
BACHELOR OF EDUCATION (ARTS),Degree,UNIVERSITY OF EMBU,29.506,28.208,28.791,27.236
BACHELOR OF EDUCATION (ARTS),Degree,TAITA TAVETA UNIVERSITY,27.099,26.314,22.358,
BACHELOR OF EDUCATION (ARTS),Degree,SCOTT CHRISTIAN UNIVERSITY,,21.858,22.358,22.636
BACHELOR OF EDUCATION (ARTS),Degree,GRETSA UNIVERSITY,22.648,23.657,22.358,22.636
BACHELOR OF EDUCATION (ARTS),Degree,KISII UNIVERSITY,31.313,29.991,30.144,29.349
BACHELOR OF EDUCATION (ARTS),Degree,AFRICA NAZARENE UNIVERSITY,23.186,23.442,22.358,28.619
BACHELOR OF EDUCATION (ARTS),Degree,KENYA METHODIST UNIVERSITY,22.697,23.104,22.358,23.42
BACHELOR OF EDUCATION (ARTS),Degree,RONGO UNIVERSITY,29.3,28.096,27.67,23.905
BACHELOR OF EDUCATION (ARTS),Degree,KABARAK UNIVERSITY,24.368,26.546,22.358,29.225
BACHELOR OF EDUCATION (ARTS),Degree,EGERTON UNIVERSITY,31.659,32.306,32.486,29.484
BACHELOR OF EDUCATION ARTS,Degree,MASINDE MULIRO UNIVERSITY OF SCIENCE & TECHNOLOGY,30.555,30.054,30.315,28.416
BACHELOR OF EDUCATION ARTS,Degree,MANAGEMENT UNIVERSITY OF AFRICA,,,22.358,22.636
BACHELOR OF EDUCATION(ARTS) WITH IT,Degree,JARAMOGI OGINGA ODINGA UNIVERSITY OF SCIENCE AND TECHNOLOGY,29.616,29.533,29.225,28.703
BACHELOR OF EDUCATION ARTS,Degree,KIRINYAGA UNIVERSITY,28.808,28.171,26.153,
BACHELOR OF EDUCATION (ARTS),Degree,NYANDARUA UNIVERSITY COLLEGE,22.918,,,
BACHELOR OF EDUCATION (ARTS),Degree,KOITALEEL SAMOEI UNIVERSITY COLLEGE,27.798,26.62,23.272,22.636
BACHELOR OF EDUCATION (ARTS),Degree,ALUPE UNIVERSITY,28.651,27.787,26.318,24.399
BACHELOR OF EDUCATION (ARTS),Degree,TURKANA UNIVERSITY COLLEGE,25.215,22.358,22.358,22.636
BACHELOR OF EDUCATION (ARTS),Degree,KENYA ASSEMBLIES OF GOD EAST UNIVERSITY,,21.858,22.358,22.636
BACHELOR OF EDUCATION (ARTS),Degree,THE EAST AFRICAN UNIVERSITY,,21.858,22.358,22.636
BACHELOR OF EDUCATION (ARTS),Degree,LUKENYA UNIVERSITY,22.209,22.937,22.358,22.636
BACHELOR OF EDUCATION (ARTS),Degree,CATHOLIC UNIVERSITY OF EASTERN AFRICA,24.559,22.986,22.358,28.642
BACHELOR OF EDUCATION (ARTS),Degree,TANGAZA UNIVERSITY,23.678,23.781,22.358,25.739
BACHELOR OF EDUCATION (ARTS),Degree,KAIMOSI FRIENDS UNIVERSITY,28.417,27.773,25.793,23.717
BACHELOR OF EDUCATION (ARTS),Degree,KIRIRI WOMENS UNIVERSITY OF SCIENCE AND TECHNOLOGY,,21.858,22.358,22.636
BACHELOR OF EDUCATION (ARTS),Degree,UNIVERSITY OF NAIROBI,32.823,32.421,33.663,32.813
BACHELOR OF EDUCATION (ARTS),Degree,MOI UNIVERSITY,27.654,30.04,30.707,27.755
BACHELOR OF EDUCATION (ARTS),Degree,MURANG'A UNIVERSITY OF TECHNOLOGY,28.468,28.166,26.856,25.738
BACHELOR OF EDUCATION (ARTS),Degree,KARATINA UNIVERSITY,29.829,29.47,28.78,28.259
BACHELOR OF EDUCATION (ARTS),Degree,PRESBYTERIAN UNIVERSITY OF EAST AFRICA,,21.858,22.358,23.925
BACHELOR OF EDUCATION (ARTS),Degree,GREAT LAKES UNIVERSITY OF KISUMU,22.994,23.897,22.358,23.655
BACHELOR OF EDUCATION (ARTS),Degree,"UNIVERSITY OF EASTERN AFRICA, BARATON",22.931,23.471,22.358,24.79
BACHELOR OF EDUCATION (ARTS),Degree,LAIKIPIA UNIVERSITY,28.335,27.574,26.869,26.02
BACHELOR OF EDUCATION (ARTS),Degree,MACHAKOS UNIVERSITY,29.626,29.206,28.949,27.404
BACHELOR OF EDUCATION (ARTS),Degree,KENYA HIGHLANDS EVANGELICAL UNIVERSITY,22.51,21.858,22.358,22.636
BACHELOR OF EDUCATION (ARTS),Degree,SOUTH EASTERN KENYA UNIVERSITY,27.173,27.258,24.904,24.04
BACHELOR OF EDUCATION (ARTS),Degree,MAASAI MARA UNIVERSITY,30.371,29.507,29.033,26.242
BACHELOR OF EDUCATION (ARTS),Degree,AFRICA INTERNATIONAL UNIVERSITY,22.986,21.858,22.358,24.486
BACHELOR OF EDUCATION (ARTS),Degree,UNIVERSITY OF KABIANGA,29.893,29.077,28.659,27.168
BACHELOR OF EDUCATION (ARTS),Degree,PWANI UNIVERSITY,29.056,29.26,29.554,28.37
BACHELOR OF EDUCATION (ARTS),Degree,UNIVERSITY OF ELDORET,31.031,29.002,31.187,30.549
BACHELOR OF EDUCATION (ARTS),Degree,KENYATTA UNIVERSITY,33.267,33.556,34.725,33.45
BACHELOR OF EDUCATION (ARTS),Degree,KIBABII UNIVERSITY,29.731,28.747,28.733,26.892
BACHELOR OF EDUCATION(MAJOR ACCOUNTING AND BUSINESS ADMINISTRATION),Degree,DAYSTAR UNIVERSITY,23.01,22.935,22.358,25.412
"BACHELOR OF EDUCATION (ARTS, WITH IT)",Degree,TOM MBOYA UNIVERSITY,28.743,27.837,25.8,24.445
"BACHELOR OF EDUCATION (ARTS, WITH IT)",Degree,MASENO UNIVERSITY,32.183,31.535,32.556,30.514
BACHELOR OF EDUCATION ARTS,Degree,ISLAMIC UNIVERSITY OF KENYA,,21.858,22.358,22.636
BACHELOR OF EDUCATION ARTS,Degree,BOMET UNIVERSITY COLLEGE,28.729,26.78,25.757,23.019
BACHELOR OF EDUCATION ARTS,Degree,THARAKA UNIVERSITY,27.443,26.777,22.358,22.636
BACHELOR OF EDUCATION ARTS,Degree,MARIST INTERNATIONAL UNIVERSITY COLLEGE,,21.858,22.358,22.636
BACHELOR OF EDUCATION ARTS,Degree,ZETECH UNIVERSITY,22.105,23.305,22.358,24.253
BACHELOR OF EDUCATION ARTS,Degree,MOUNT KENYA UNIVERSITY,26.352,27.323,22.358,29.696
BACHELOR OF EDUCATION ARTS,Degree,MERU UNIVERSITY OF SCIENCE AND TECHNOLOGY,28.638,27.526,27.652,26.687
BACHELOR OF EDUCATION ARTS,Degree,ST PAULS UNIVERSITY,23.215,23.857,22.358,24.332
BACHELOR OF ARTS (CRIMINOLOGY & SECURITY STUDIES),Degree,CHUKA UNIVERSITY,27.699,26.631,30.721,29.369
BACHELOR OF ARTS (CRIMINOLOGY AND SECURITY STUDIES),Degree,UNIVERSITY OF EMBU,22.254,22.449,26.443,24.59
BACHELOR OF ARTS (CRIMINOLOGY AND SECURITY STUDIES),Degree,KISII UNIVERSITY,25.081,22.449,27.342,26.101
BACHELOR OF ARTS (CRIMINOLOGY AND SECURITY STUDIES),Degree,EGERTON UNIVERSITY,28.366,28.019,30.426,29.419
BACHELOR OF CRIMINOLOGY,Degree,MASINDE MULIRO UNIVERSITY OF SCIENCE & TECHNOLOGY,25.242,23.602,28.482,28.35
BACHELOR OF ARTS IN CRIMINAL JUSTICE AND SECURITY MANAGEMENT,Degree,AFRICA NAZARENE UNIVERSITY,,22.449,25.041,
BACHELOR OF SCIENCE (CRIMINOLOGY AND SECURITY MANAGEMENT),Degree,KENYA METHODIST UNIVERSITY,,22.449,22.916,
BACHELOR OF ARTS IN CRIMINOLOGY,Degree,KCA UNIVERSITY,,22.449,22.916,28.454
BACHELOR OF ARTS (CRIMINOLOGY AND PENOLOGY),Degree,MAASAI MARA UNIVERSITY,23.094,22.449,26.573,25.404
BACHELOR OF ARTS IN CRIMINAL JUSTICE AND SECURITY MANAGEMENT,Degree,ST PAULS UNIVERSITY,,22.449,22.916,26.82
"BACHELOR OF ARTS IN CRIMINOLOGY, CRIMINAL JUSTICE AND PUBLIC SAFETY",Degree,KARATINA UNIVERSITY,25.545,22.449,26.271,25.223
BACHELOR OF SCIENCE (CRIMINOLOGY AND SECURITY STUDIES),Degree,MURANG'A UNIVERSITY OF TECHNOLOGY,,22.449,22.916,22.926
"BACHELOR OF ARTS (CRIMINOLOGY, WITH IT)",Degree,TOM MBOYA UNIVERSITY,,22.449,24.222,22.926
"BACHELOR OF ARTS (CRIMINOLOGY, WITH IT)",Degree,MASENO UNIVERSITY,27.306,25.524,30.192,28.711
BACHELOR OF CRIMINOLOGY,Degree,KIBABII UNIVERSITY,23.537,22.449,26.286,23.661
BACHELOR OF ARTS (CRIMINOLOGY AND SECURITY STUDIES),Degree,THARAKA UNIVERSITY,,22.449,22.916,22.926
BACHELOR OF ARTS (CRIMINOLOGY AND SECURITY STUDIES),Degree,LAIKIPIA UNIVERSITY,,22.449,25.44,25.407
BACHELOR OF ARTS (CRIMINOLOGY AND CRIMINAL JUSTICE),Degree,TURKANA UNIVERSITY COLLEGE,,22.449,22.916,
BACHELOR OF ARTS (CRIMINOLOGY AND CRIMINAL JUSTICE),Degree,KAIMOSI FRIENDS UNIVERSITY,,22.449,24.62,22.926
BACHELOR OF EDUCATION (SCIENCE),Degree,CHUKA UNIVERSITY,30.456,34.392,35.446,34.073
BACHELOR OF EDUCATION (SCIENCE),Degree,GARISSA UNIVERSITY,,23.419,22.358,22.636
BACHELOR OF EDUCATION (SCIENCE),Degree,UNIVERSITY OF EMBU,28.991,31.01,30.482,25.473
BACHELOR OF EDUCATION (SCIENCE),Degree,TAITA TAVETA UNIVERSITY,25.692,23.842,23.764,22.636
BACHELOR OF EDUCATION (SCIENCE),Degree,KISII UNIVERSITY,34.361,31.945,32.322,24.261
BACHELOR OF EDUCATION (SCIENCE),Degree,MASINDE MULIRO UNIVERSITY OF SCIENCE & TECHNOLOGY,32.547,32.607,33.962,31.279
BACHELOR OF EDUCATION (SCIENCE),Degree,KENYA METHODIST UNIVERSITY,,24.256,22.358,31.05
BACHELOR OF EDUCATION (SCIENCE),Degree,RONGO UNIVERSITY,28.567,28.565,27.259,22.636
BACHELOR OF EDUCATION (SCIENCE),Degree,KABARAK UNIVERSITY,,23.662,22.358,33.127
BACHELOR OF EDUCATION (SCIENCE),Degree,EGERTON UNIVERSITY,32.396,35.289,35.282,33.763
BACHELOR OF EDUCATION(SCIENCE WITH IT),Degree,JARAMOGI OGINGA ODINGA UNIVERSITY OF SCIENCE AND TECHNOLOGY,27.392,30.153,29.888,26.285
"BACHELOR OF EDUCATION (SCIENCE, WITH IT)",Degree,TOM MBOYA UNIVERSITY,27.997,27.083,23.928,22.636
"BACHELOR OF EDUCATION (SCIENCE, WITH IT)",Degree,MASENO UNIVERSITY,35.16,35.041,36.459,34.932
BACHELOR OF EDUCATION (SCIENCE),Degree,KOITALEEL SAMOEI UNIVERSITY COLLEGE,28.732,,,
BACHELOR OF EDUCATION (SCIENCE),Degree,BOMET UNIVERSITY COLLEGE,34.848,,,
BACHELOR OF EDUCATION (SCIENCE),Degree,THARAKA UNIVERSITY,22.853,23.361,23.992,22.636
BACHELOR OF EDUCATION (SCIENCE),Degree,ALUPE UNIVERSITY,28.016,27.354,24.572,24.526
BACHELOR OF EDUCATION (SCIENCE),Degree,TURKANA UNIVERSITY COLLEGE,22.627,24.164,22.358,22.636
BACHELOR OF EDUCATION (SCIENCE),Degree,LUKENYA UNIVERSITY,,21.858,22.358,22.636
BACHELOR OF EDUCATION (SCIENCE),Degree,CATHOLIC UNIVERSITY OF EASTERN AFRICA,,23.601,22.358,25.245
BACHELOR OF EDUCATION (SCIENCE),Degree,TANGAZA UNIVERSITY,,21.858,22.358,25.816
BACHELOR OF EDUCATION (SCIENCE),Degree,KAIMOSI FRIENDS UNIVERSITY,28.778,29.006,29.438,28.666
BACHELOR OF EDUCATION (SCIENCE),Degree,MOUNT KENYA UNIVERSITY,,22.824,22.358,31.94
BACHELOR OF EDUCATION (SCIENCE),Degree,UNIVERSITY OF NAIROBI,35.542,36.127,37.073,37.343
BACHELOR OF EDUCATION (SCIENCE),Degree,MOI UNIVERSITY,25.341,34.603,35.434,33.221
BACHELOR OF EDUCATION (SCIENCE),Degree,MURANG'A UNIVERSITY OF TECHNOLOGY,22.425,31.895,31.162,24.021
BACHELOR OF EDUCATION (SCIENCE),Degree,KARATINA UNIVERSITY,30.118,30.945,30.097,23.43
BACHELOR OF EDUCATION (SCIENCE),Degree,MERU UNIVERSITY OF SCIENCE AND TECHNOLOGY,28.213,30.588,30.648,29.519
BACHELOR OF EDUCATION (SCIENCE),Degree,PRESBYTERIAN UNIVERSITY OF EAST AFRICA,,21.858,22.358,22.636
BACHELOR OF EDUCATION (SCIENCE),Degree,"UNIVERSITY OF EASTERN AFRICA, BARATON",,23.598,22.358,25.522
BACHELOR OF EDUCATION (SCIENCE),Degree,LAIKIPIA UNIVERSITY,28.815,31.846,31.823,29.081
BACHELOR OF EDUCATION (SCIENCE),Degree,MACHAKOS UNIVERSITY,31.346,31.551,33.362,30.845
BACHELOR OF EDUCATION (SCIENCE),Degree,SOUTH EASTERN KENYA UNIVERSITY,22.682,27.259,24.438,24.653
BACHELOR OF EDUCATION (SCIENCE),Degree,MAASAI MARA UNIVERSITY,31.612,31.29,32.02,24.921
BACHELOR OF EDUCATION (SCIENCE),Degree,UNIVERSITY OF KABIANGA,31.422,31.005,31.504,25.753
BACHELOR OF EDUCATION (SCIENCE),Degree,PWANI UNIVERSITY,30.148,31.292,31.965,31.792
BACHELOR OF EDUCATION (SCIENCE),Degree,UNIVERSITY OF ELDORET,32.693,32.77,34.416,32.202
BACHELOR OF EDUCATION (SCIENCE),Degree,KENYATTA UNIVERSITY,36.268,37.208,37.778,37.272
BACHELOR OF EDUCATION (SCIENCE),Degree,KIBABII UNIVERSITY,30.505,31.88,31.948,29.626
BACHELOR OF SCIENCE (WILDLIFE ENTERPRISE MANAGEMENT),Degree,CHUKA UNIVERSITY,,15.864,17.043,17.459
BACHELOR OF SCIENCE (WILDLIFE ENTERPRISES & MANAGEMENT),Degree,EGERTON UNIVERSITY,,15.864,17.043,17.459
BACHELOR OF SCIENCE (WILDLIFE MANAGEMENT),Degree,MAASAI MARA UNIVERSITY,,15.864,,
BACHELOR OF ARTS (SOCIAL WORK),Degree,UNIVERSITY OF EMBU,23.586,22.449,,
BACHELOR OF ARTS (SOCIAL WORK),Degree,CATHOLIC UNIVERSITY OF EASTERN AFRICA,,22.449,22.916,22.926
BACHELOR OF ARTS (SOCIAL WORK),Degree,MOI UNIVERSITY,,22.449,28.081,25.142
BACHELOR OF ARTS (SOCIAL WORK),Degree,SOUTH EASTERN KENYA UNIVERSITY,,22.449,24.682,22.926
BACHELOR OF ARTS (SOCIAL WORK),Degree,DAYSTAR UNIVERSITY,,22.449,22.916,22.926
BACHELOR OF ARTS (SOCIAL WORK),Degree,ST PAULS UNIVERSITY,,22.449,22.916,22.926
BACHELOR OF ARTS(SOCIAL WORK),Degree,MAASAI MARA UNIVERSITY,,22.449,24.532,22.926
BACHELOR OF SOCIAL WORK,Degree,MASINDE MULIRO UNIVERSITY OF SCIENCE & TECHNOLOGY,,22.449,25.199,22.926
BACHELOR OF SOCIAL WORK,Degree,KAIMOSI FRIENDS UNIVERSITY,,22.449,24.532,22.926
BACHELOR OF SOCIAL WORK,Degree,KIBABII UNIVERSITY,,22.449,22.916,22.926
BACHELOR OF ECONOMICS,Degree,UNIVERSITY OF EMBU,,18.831,19.914,20.1
BACHELOR OF ECONOMICS,Degree,TAITA TAVETA UNIVERSITY,,18.831,19.914,20.1
BACHELOR OF ECONOMICS,Degree,MASINDE MULIRO UNIVERSITY OF SCIENCE & TECHNOLOGY,,18.831,19.914,20.1
BACHELOR OF ECONOMICS,Degree,KIRINYAGA UNIVERSITY,,18.831,19.914,20.1
BACHELOR OF SCIENCE IN ECONOMICS,Degree,CO-OPERATIVE UNIVERSITY OF KENYA,,18.831,19.914,20.1
BACHELOR OF ECONOMICS,Degree,MOUNT KENYA UNIVERSITY,,18.831,19.914,26.994
BACHELOR OF ECONOMICS,Degree,UNIVERSITY OF NAIROBI,27.034,26.096,30.453,33.894
BACHELOR OF ECONOMICS,Degree,JOMO KENYATTA UNIVERSITY OF AGRICULTURE AND TECHNOLOGY,28.381,27.073,22.977,33.682
BACHELOR OF ECONOMICS,Degree,KARATINA UNIVERSITY,,18.831,19.914,20.1
BACHELOR OF ECONOMICS,Degree,MACHAKOS UNIVERSITY,,18.831,19.914,20.1
BACHELOR OF ECONOMICS,Degree,SOUTH EASTERN KENYA UNIVERSITY,,18.831,19.914,20.1
BACHELOR OF ECONOMICS,Degree,TECHNICAL UNIVERSITY OF KENYA,26.467,25.284,24.78,32.968
BACHELOR OF ECONOMICS,Degree,KENYATTA UNIVERSITY,27.068,26.413,24.1,32.744
BACHELOR OF SCIENCE IN ECONOMICS,Degree,TURKANA UNIVERSITY COLLEGE,,18.831,19.914,
BACHELOR OF SCIENCE IN ECONOMICS,Degree,KAIMOSI FRIENDS UNIVERSITY,,18.831,19.914,20.1
BACHELOR OF SCIENCE IN ECONOMICS,Degree,MERU UNIVERSITY OF SCIENCE AND TECHNOLOGY,,18.831,19.914,20.1
BACHELOR OF SCIENCE IN ECONOMICS,Degree,MAASAI MARA UNIVERSITY,,18.831,19.914,20.1
BACHELOR OF SCIENCE IN ECONOMICS,Degree,MULTIMEDIA UNIVERSITY OF KENYA,,18.831,19.914,23.389
BACHELOR OF SCIENCE (INFORMATION SCIENCE),Degree,RONGO UNIVERSITY,,21.375,21.444,22.544
BACHELOR OF SCIENCE (INFORMATION SCIENCES AND KNOWLEDGE MANAGEMENT),Degree,MASINDE MULIRO UNIVERSITY OF SCIENCE & TECHNOLOGY,,21.375,,22.544
BACHELOR OF SCIENCE IN INFORMATION SCIENCE,Degree,CHUKA UNIVERSITY,,21.375,21.444,22.544
BACHELOR OF SCIENCE IN INFORMATION SCIENCE,Degree,KENYA METHODIST UNIVERSITY,,21.375,21.444,22.544
BACHELOR OF SCIENCE IN INFORMATION SCIENCE,Degree,TECHNICAL UNIVERSITY OF MOMBASA,,21.375,21.444,22.544
BACHELOR OF SCIENCE IN INFORMATION SCIENCES,Degree,GARISSA UNIVERSITY,,21.375,21.444,22.544
BACHELOR OF SCIENCE (INFORMATION SCIENCE),Degree,MAASAI MARA UNIVERSITY,,21.375,21.444,22.544
BACHELOR OF SCIENCE (INFORMATION SCIENCE),Degree,TECHNICAL UNIVERSITY OF KENYA,27.365,28.183,29.529,28.594
BACHELOR OF SCIENCE IN INFORMATION SCIENCE,Degree,MOUNT KENYA UNIVERSITY,,21.375,21.444,22.544
BACHELOR OF SCIENCE IN INFORMATION SCIENCE,Degree,MERU UNIVERSITY OF SCIENCE AND TECHNOLOGY,,21.375,21.444,22.544
BACHELOR OF SCIENCE (INFORMATION SCIENCES),Degree,MOI UNIVERSITY,,21.375,21.444,25.346
BACHELOR OF SCIENCE (INFORMATION SCIENCES AND KNOWLEDGE MANAGEMENT),Degree,UNIVERSITY OF KABIANGA,,21.375,21.444,22.544
BACHELOR OF BUSINESS AND MANAGEMENT,Degree,KISII UNIVERSITY,,21.375,21.444,22.544
BACHELOR OF BUSINESS MANAGEMENT,Degree,GARISSA UNIVERSITY,,21.375,21.444,22.544
BACHELOR OF BUSINESS MANAGEMENT,Degree,CO-OPERATIVE UNIVERSITY OF KENYA,28.889,21.375,21.444,22.544
BACHELOR OF BUSINESS MANAGEMENT,Degree,KIRINYAGA UNIVERSITY,,21.375,21.444,22.544
BACHELOR OF BUSINESS MANAGEMENT,Degree,RONGO UNIVERSITY,,21.375,21.444,22.544
"BACHELOR OF SCIENCE IN MARKETING MANAGEMENT, WITH IT",Degree,MASENO UNIVERSITY,,21.375,21.444,22.544
BACHELOR OF BUSINESS MANAGEMENT,Degree,ISLAMIC UNIVERSITY OF KENYA,,21.375,21.444,22.544
BACHELOR OF BUSINESS MANAGEMENT,Degree,BOMET UNIVERSITY COLLEGE,,21.375,21.444,22.544
BACHELOR OF BUSINESS MANAGEMENT,Degree,ALUPE UNIVERSITY,,21.375,21.444,22.544
BACHELOR OF BUSINESS MANAGEMENT,Degree,TURKANA UNIVERSITY COLLEGE,,21.375,21.444,
BACHELOR OF BUSINESS MANAGEMENT,Degree,MARIST INTERNATIONAL UNIVERSITY COLLEGE,,21.375,21.444,22.544
BACHELOR OF BUSINESS MANAGEMENT,Degree,MOUNT KENYA UNIVERSITY,,21.375,21.444,22.544
BACHELOR OF BUSINESS MANAGEMENT,Degree,MOI UNIVERSITY,,21.375,21.444,22.544
BACHELOR OF BUSINESS MANAGEMENT,Degree,KARATINA UNIVERSITY,,21.375,21.444,22.544
BACHELOR OF BUSINESS MANAGEMENT,Degree,KENYA HIGHLANDS EVANGELICAL UNIVERSITY,,21.375,21.444,22.544
BACHELOR OF BUSINESS MANAGEMENT,Degree,UNIVERSITY OF ELDORET,,21.375,21.444,22.544
BACHELOR OF BUSINESS MANAGEMENT,Degree,KIBABII UNIVERSITY,,21.375,21.444,22.544
BACHELOR OF BUSINESS ADMINISTRATION,Degree,THE EAST AFRICAN UNIVERSITY,,21.375,21.444,22.544
BACHELOR OF BUSINESS ADMINISTRATION IN MANAGEMENT,Degree,"UNIVERSITY OF EASTERN AFRICA, BARATON",,21.375,21.444,22.544
BACHELOR OF SECRETARIAL MANAGEMENT AND ADMINISTRATION,Degree,KISII UNIVERSITY,,21.375,21.444,22.544
BACHELOR IN BUSINESS ADMINISTRATION,Degree,SCOTT CHRISTIAN UNIVERSITY,,21.375,21.444,22.544
BACHELOR IN BUSINESS ADMINISTRATION,Degree,KENYA METHODIST UNIVERSITY,,21.375,21.444,22.544
BACHELOR IN BUSINESS ADMINISTRATION,Degree,TECHNICAL UNIVERSITY OF MOMBASA,,21.375,21.444,22.544
BACHELOR OF BUSINESS ADMINISTRATION,Degree,RIARA UNIVERSITY,,24.913,24.258,25.306
BACHELOR OF BUSINESS ADMINISTRATION WITH IT,Degree,JARAMOGI OGINGA ODINGA UNIVERSITY OF SCIENCE AND TECHNOLOGY,,21.375,21.444,22.544
BACHELOR OF BUSINESS ADMINISTRATION ( WITH IT),Degree,TOM MBOYA UNIVERSITY,,21.375,21.444,22.544
BACHELOR OF BUSINESS ADMINISTRATION ( WITH IT),Degree,MASENO UNIVERSITY,,21.375,21.444,22.544
BACHELOR IN BUSINESS ADMINISTRATION,Degree,KENYA ASSEMBLIES OF GOD EAST UNIVERSITY,,21.375,21.444,22.544
BACHELOR IN BUSINESS ADMINISTRATION,Degree,AFRICA INTERNATIONAL UNIVERSITY,,21.375,21.444,22.544
BACHELOR IN BUSINESS ADMINISTRATION,Degree,ST PAULS UNIVERSITY,,21.375,21.444,22.544
BACHELOR IN BUSINESS ADMINISTRATION IN MARKETING,Degree,"UNIVERSITY OF EASTERN AFRICA, BARATON",,21.375,21.444,22.544
BACHELOR OF BUSINESS ADMINISTRATION,Degree,MERU UNIVERSITY OF SCIENCE AND TECHNOLOGY,,21.375,21.444,22.544
BACHELOR OF BUSINESS ADMINISTRATION,Degree,PRESBYTERIAN UNIVERSITY OF EAST AFRICA,,21.375,21.444,22.544
BACHELOR OF BUSINESS ADMINISTRATION,Degree,DEDAN KIMATHI UNIVERSITY OF TECHNOLOGY,,21.375,21.444,22.544
BACHELOR OF BUSINESS AND OFFICE MANAGEMENT,Degree,TECHNICAL UNIVERSITY OF MOMBASA,,21.375,21.444,22.544
BACHELOR OF BUSINESS ADMINISTRATION IN OFFICE ADMINISTRATION,Degree,"UNIVERSITY OF EASTERN AFRICA, BARATON",,21.375,21.444,22.544
"BACHELOR OF EDUCATION (SPECIAL NEEDS EDUCATION, WITH IT)",Degree,JARAMOGI OGINGA ODINGA UNIVERSITY OF SCIENCE AND TECHNOLOGY,28.613,26.909,28.514,22.636
BACHELOR OF EDUCATION (SPECIAL NEEDS EDUCATION),Degree,KISII UNIVERSITY,26.332,23.659,22.358,22.636
BACHELOR OF EDUCATION (SPECIAL NEEDS EDUCATION),Degree,KENYA METHODIST UNIVERSITY,,,22.358,22.636
BACHELOR OF EDUCATION IN SPECIAL EDUCATION,Degree,RONGO UNIVERSITY,22.781,24.65,25.498,22.636
"BACHELOR OF EDUCATION (SPECIAL NEEDS EDUCATION, WITH IT)",Degree,TOM MBOYA UNIVERSITY,23.849,24.218,22.358,22.636
"BACHELOR OF EDUCATION (SPECIAL NEEDS EDUCATION, WITH IT)",Degree,MASENO UNIVERSITY,33.905,32.47,34.202,29.942
BACHELOR OF EDUCATION IN SPECIAL EDUCATION,Degree,MACHAKOS UNIVERSITY,25.397,24.064,25.732,22.636
BACHELOR OF EDUCATION IN SPECIAL NEEDS EDUCATION,Degree,ST PAULS UNIVERSITY,,21.858,22.358,22.636
BACHELOR OF EDUCATION (SPECIAL NEEDS EDUCATION),Degree,BOMET UNIVERSITY COLLEGE,22.802,22.616,22.358,22.636
BACHELOR OF EDUCATION (SPECIAL NEEDS EDUCATION),Degree,PWANI UNIVERSITY,24.487,25.847,30.257,28.217
BACHELOR OF EDUCATION (SPECIAL NEEDS EDUCATION),Degree,UNIVERSITY OF ELDORET,31.079,27.999,31.266,25.725
BACHELOR OF EDUCATION (SPECIAL NEEDS EDUCATION),Degree,KENYATTA UNIVERSITY,35.53,34.963,37.278,36.418
BACHELOR OF SCIENCE IN TOURISM MANAGEMENT,Degree,TECHNICAL UNIVERSITY OF MOMBASA,25.513,23.801,26.594,27.029
BACHELOR OF TOURISM MANAGEMENT,Degree,CHUKA UNIVERSITY,26.275,24.284,26.854,25.712
BACHELOR OF TOURISM MANAGEMENT,Degree,RONGO UNIVERSITY,21.637,22.806,24.248,22.544
BACHELOR OF TOURISM MANAGEMENT,Degree,MOI UNIVERSITY,22.365,22.394,25.632,25.815
BACHELOR OF TOURISM MANAGEMENT,Degree,KARATINA UNIVERSITY,23.831,21.375,22.836,23.763
BACHELOR OF TOURISM MANAGEMENT,Degree,MAASAI MARA UNIVERSITY,27.437,25.915,27.905,25.744
BACHELOR OF TOURISM MANAGEMENT,Degree,UNIVERSITY OF KABIANGA,22.728,21.375,23.184,23.031
BACHELOR OF TOURISM MANAGEMENT,Degree,UNIVERSITY OF ELDORET,24.194,23.155,25.923,25.445
BACHELOR OF TECHNOLOGY (TOURISM MANAGEMENT),Degree,TECHNICAL UNIVERSITY OF KENYA,30.44,28.064,31.035,30.119
BACHELOR OF SCIENCE (TOURISM MANAGEMENT),Degree,MURANG'A UNIVERSITY OF TECHNOLOGY,22.257,21.375,23.085,22.544
BACHELOR OF SCIENCE IN TOURISM MANAGEMENT,Degree,ALUPE UNIVERSITY,22.311,,,22.544
BACHELOR OF INFORMATION COMMUNICATION TECHNOLOGY,Degree,SCOTT CHRISTIAN UNIVERSITY,,18.814,18.638,19.223
BACHELOR OF SCIENCE (INFORMATION AND COMMUNICATION TECHNOLOGY),Degree,KCA UNIVERSITY,22.152,22.216,18.638,25.901
BACHELOR OF SCIENCE (INFORMATION AND COMMUNICATION TECHNOLOGY),Degree,JARAMOGI OGINGA ODINGA UNIVERSITY OF SCIENCE AND TECHNOLOGY,21.536,24.975,22.415,25.253
BACHELOR OF TECHNOLOGY IN INFORMATION & COMMUNICATION TECHNOLOGY,Degree,TECHNICAL UNIVERSITY OF MOMBASA,26.961,26.749,25.451,27.663
BACHELOR OF SCIENCE (INFORMATION AND COMMUNICATION TECHNOLOGY MANAGEMENT),Degree,MASENO UNIVERSITY,29.229,28.658,29.767,29.316
BACHELOR OF SCIENCE (INFORMATION AND COMMUNICATION TECHNOLOGY),Degree,LAIKIPIA UNIVERSITY,21.831,22.972,18.638,19.223
BACHELOR OF ARTS (MUSIC),Degree,KISII UNIVERSITY,,23.417,22.829,
"BACHELOR OF ARTS (MUSIC, WITH IT)",Degree,MASENO UNIVERSITY,,23.417,22.829,23.07
BACHELOR OF ARTS (MUSIC),Degree,MOI UNIVERSITY,,23.417,22.829,
BACHELOR OF ARTS (MUSIC),Degree,"UNIVERSITY OF EASTERN AFRICA, BARATON",,23.417,22.829,23.07
BACHELOR OF ARTS (MUSIC),Degree,DAYSTAR UNIVERSITY,,23.417,,
BACHELOR OF SCIENCE (STATISTICS),Degree,UNIVERSITY OF EMBU,,18.831,19.914,20.1
BACHELOR OF SCIENCE (STATISTICS),Degree,TAITA TAVETA UNIVERSITY,,18.831,19.914,20.1
BACHELOR OF SCIENCE (STATISTICS),Degree,KIRINYAGA UNIVERSITY,,18.831,19.914,20.1
BACHELOR OF SCIENCE (STATISTICS),Degree,EGERTON UNIVERSITY,24.769,26.311,19.914,28.937
BACHELOR OF SCIENCE (STATISTICS),Degree,UNIVERSITY OF NAIROBI,28.424,35.192,33.673,37.6
BACHELOR OF SCIENCE (STATISTICS),Degree,LAIKIPIA UNIVERSITY,,18.831,19.914,20.1
BACHELOR OF SCIENCE (STATISTICS),Degree,SOUTH EASTERN KENYA UNIVERSITY,,18.831,19.914,20.1
BACHELOR OF SCIENCE IN STATISTICS,Degree,MOUNT KENYA UNIVERSITY,,18.831,19.914,28.859
BACHELOR OF SCIENCE IN STATISTICS,Degree,JOMO KENYATTA UNIVERSITY OF AGRICULTURE AND TECHNOLOGY,28.979,30.147,27.899,34.336
BACHELOR OF SCIENCE STATISTICS,Degree,MERU UNIVERSITY OF SCIENCE AND TECHNOLOGY,,18.831,19.914,20.1
BACHELOR OF SCIENCE ( APPLIED STATISTICS WITH COMPUTING),Degree,GARISSA UNIVERSITY,,18.814,18.638,19.223
BACHELOR OF SCIENCE (APPLIED STATISTICS WITH COMPUTING),Degree,BOMET UNIVERSITY COLLEGE,,18.814,18.638,19.223
BACHELOR OF SCIENCE (APPLIED STATISTICS WITH COMPUTING),Degree,MOI UNIVERSITY,,18.814,18.638,19.223
BACHELOR OF SCIENCE (APPLIED STATISTICS WITH COMPUTING),Degree,MAASAI MARA UNIVERSITY,,18.814,18.638,19.223
BACHELOR OF SCIENCE (APPLIED STATISTICS WITH COMPUTING),Degree,UNIVERSITY OF KABIANGA,,18.814,18.638,19.223
BACHELOR OF SCIENCE ( APPLIED STATISTICS WITH COMPUTING),Degree,ALUPE UNIVERSITY,,18.814,18.638,19.223
BACHELOR OF SCIENCE (STATISTICS & PROGRAMMING),Degree,KENYATTA UNIVERSITY - MAMA NGINA UNIVERSITY COLLEGE,,18.814,18.638,
BACHELOR OF SCIENCE (STATISTICS & PROGRAMMING),Degree,KENYATTA UNIVERSITY,28.99,23.869,30.004,29.9
BACHELOR OF SCIENCE (APPLIED STATISTICS WITH PROGRAMMING),Degree,MURANG'A UNIVERSITY OF TECHNOLOGY,,18.814,18.638,19.223
BACHELOR OF SCIENCE IN APPLIED STATISTICS WITH COMPUTING,Degree,UNIVERSITY OF ELDORET,,18.814,18.638,19.223
"BACHELOR OF SCIENCE (APPLIED STATISTICS, WITH IT)",Degree,MASINDE MULIRO UNIVERSITY OF SCIENCE & TECHNOLOGY,,18.831,19.914,20.1
BACHELOR OF SCIENCE IN APPLIED STATISTICS,Degree,CHUKA UNIVERSITY,,18.831,19.914,20.1
BACHELOR OF SCIENCE IN APPLIED STATISTICS,Degree,CO-OPERATIVE UNIVERSITY OF KENYA,,18.831,19.914,20.1
BACHELOR OF SCIENCE (APPLIED STATISTICS),Degree,KISII UNIVERSITY,,18.831,19.914,20.1
BACHELOR OF SCIENCE (APPLIED STATISTICS),Degree,KIRINYAGA UNIVERSITY,,18.831,19.914,20.1
BACHELOR OF SCIENCE (APPLIED STATISTICS),Degree,RONGO UNIVERSITY,,18.831,19.914,20.1
"BACHELOR OF SCIENCE (APPLIED STATISTICS, WITH IT)",Degree,TOM MBOYA UNIVERSITY,,18.831,19.914,20.1
"BACHELOR OF SCIENCE (APPLIED STATISTICS, WITH IT)",Degree,KAIMOSI FRIENDS UNIVERSITY,,18.831,19.914,20.1
"BACHELOR OF SCIENCE (APPLIED STATISTICS, WITH IT)",Degree,MASENO UNIVERSITY,,18.831,19.914,20.1
BACHELOR OF ARTS (COMMUNITY DEVELOPMENT),Degree,KISII UNIVERSITY,,22.449,22.916,22.926
BACHELOR OF ARTS (COMMUNITY DEVELOPMENT),Degree,AFRICA NAZARENE UNIVERSITY,,22.449,22.916,25.41
BACHELOR OF ARTS COMMUNITY DEVELOPMENT,Degree,GARISSA UNIVERSITY,,22.449,22.916,22.926
BACHELOR OF ARTS IN COMMUNITY DEVELOPMENT,Degree,SCOTT CHRISTIAN UNIVERSITY,,22.449,22.916,22.926
BACHELOR OF ARTS IN COMMUNITY DEVELOPMENT,Degree,GRETSA UNIVERSITY,,22.449,22.916,22.926
BACHELOR OF ARTS IN COMMUNITY DEVELOPMENT,Degree,PAN AFRICA CHRISTIAN UNIVERSITY,,22.449,22.916,22.926
BACHELOR OF ARTS (COMMUNITY DEVELOPMENT),Degree,ALUPE UNIVERSITY,,22.449,22.916,22.926
BACHELOR OF ARTS (COMMUNITY DEVELOPMENT),Degree,MOI UNIVERSITY,,22.449,25.226,22.926
BACHELOR OF ARTS (COMMUNITY DEVELOPMENT),Degree,MAASAI MARA UNIVERSITY,,22.449,22.916,22.926
BACHELOR OF ARTS IN COMMUNITY DEVELOPMENT,Degree,KENYA ASSEMBLIES OF GOD EAST UNIVERSITY,,22.449,22.916,22.926
BACHELOR OF ARTS IN COMMUNITY DEVELOPMENT,Degree,LUKENYA UNIVERSITY,,22.449,22.916,22.926
BACHELOR OF ARTS IN COMMUNITY DEVELOPMENT,Degree,MOUNT KENYA UNIVERSITY,,22.449,22.916,24.837
BACHELOR OF ARTS IN COMMUNITY DEVELOPMENT,Degree,KARATINA UNIVERSITY,,22.449,22.916,22.926
BACHELOR OF ARTS IN COMMUNITY DEVELOPMENT,Degree,DAYSTAR UNIVERSITY,,22.449,22.916,22.926
BACHELOR OF ARTS IN COMMUNITY DEVELOPMENT,Degree,ST PAULS UNIVERSITY,,22.449,22.916,22.926
BACHELOR OF BROADCAST JOURNALISM,Degree,TECHNICAL UNIVERSITY OF MOMBASA,26.8,24.24,30.15,30.694
BACHELOR OF EDUCATION (EARLY CHILDHOOD DEVELOPMENT),Degree,KISII UNIVERSITY,23.345,21.858,22.358,22.636
BACHELOR OF EDUCATION (EARLY CHILDHOOD DEVELOPMENT),Degree,KENYA METHODIST UNIVERSITY,,,,22.636
BACHELOR OF EDUCATION (EARLY CHILDHOOD EDUCATION),Degree,KCA UNIVERSITY,,21.858,22.358,22.636
BACHELOR OF EDUCATION (EARLY CHILDHOOD EDUCATION),Degree,MASINDE MULIRO UNIVERSITY OF SCIENCE & TECHNOLOGY,22.463,21.858,22.358,22.636
BACHELOR OF EDUCATION(EARLY CHILDHOOD DEVELOPMENT),Degree,JARAMOGI OGINGA ODINGA UNIVERSITY OF SCIENCE AND TECHNOLOGY,22.049,23.906,22.358,22.636
BACHELOR OF EDUCATION (EARLY CHILDHOOD EDUCATION),Degree,KOITALEEL SAMOEI UNIVERSITY COLLEGE,,21.858,22.358,22.636
BACHELOR OF EDUCATION (EARLY CHILDHOOD EDUCATION),Degree,LUKENYA UNIVERSITY,,21.858,22.358,22.636
BACHELOR OF EDUCATION (EARLY CHILDHOOD EDUCATION),Degree,UNIVERSITY OF NAIROBI,21.889,23.552,22.358,22.636
BACHELOR OF EDUCATION (EARLY CHILDHOOD EDUCATION),Degree,PRESBYTERIAN UNIVERSITY OF EAST AFRICA,,21.858,22.358,22.636
BACHELOR OF EDUCATION (EARLY CHILDHOOD EDUCATION),Degree,PWANI UNIVERSITY,,23.231,22.358,22.636
BACHELOR OF EDUCATION (EARLY CHILDHOOD EDUCATION),Degree,KENYATTA UNIVERSITY,24.665,27.337,24.922,24.737
BACHELOR OF EDUCATION (EARLY CHILDHOOD EDUCATION),Degree,KIBABII UNIVERSITY,22.766,22.789,22.358,22.636
BACHELOR OF EDUCATION (EARLY CHILDHOOD DEVELOPMENT),Degree,LAIKIPIA UNIVERSITY,,21.858,22.358,22.636
BACHELOR OF EDUCATION IN EARLY CHILDHOOD EDUCATION,Degree,THARAKA UNIVERSITY,22.816,24.541,22.358,22.636
BACHELOR OF EDUCATION IN EARLY CHILDHOOD EDUCATION,Degree,KAIMOSI FRIENDS UNIVERSITY,22.459,24.469,22.358,22.636
BACHELOR OF EDUCATION IN EARLY CHILDHOOD EDUCATION,Degree,MACHAKOS UNIVERSITY,,21.858,22.358,22.636
BACHELOR OF EDUCATION(EARLY CHILDHOOD DEVELOPMENT),Degree,TURKANA UNIVERSITY COLLEGE,,21.858,22.358,
BACHELOR OF EDUCATION(EARLY CHILDHOOD DEVELOPMENT),Degree,AFRICA INTERNATIONAL UNIVERSITY,,21.858,22.358,22.636
"BACHELOR OF EDUCATION (EARLY CHILDHOOD EDUCATION, WITH IT)",Degree,TOM MBOYA UNIVERSITY,21.972,21.858,22.358,22.636
"BACHELOR OF EDUCATION (EARLY CHILDHOOD EDUCATION, WITH IT)",Degree,MASENO UNIVERSITY,22.993,23.303,22.358,22.636
BACHELOR OF JOURNALISM & MASS COMMUNICATION,Degree,MASINDE MULIRO UNIVERSITY OF SCIENCE & TECHNOLOGY,27.444,28.014,30.615,29.253
BACHELOR OF JOURNALISM & MASS COMMUNICATION,Degree,TECHNICAL UNIVERSITY OF MOMBASA,27.849,29.885,32.201,32.703
BACHELOR OF ARTS IN JOURNALISM AND MASS COMMUNICATION,Degree,CHUKA UNIVERSITY,29.384,29.127,32.408,30.471
BACHELOR OF ARTS IN JOURNALISM AND MASS COMMUNICATION,Degree,THARAKA UNIVERSITY,23.431,23.425,27.648,26.463
BACHELOR OF ARTS IN DIGITAL JOURNALISM AND MASS COMMUNICATION,Degree,MOUNT KENYA UNIVERSITY,22.68,,,
BACHELOR OF JOURNALISM AND MASS COMMUNICATION,Degree,UNIVERSITY OF NAIROBI,31.685,29.254,34.056,35.592
BACHELOR OF JOURNALISM AND MASS COMMUNICATION,Degree,KIBABII UNIVERSITY,26.49,23.688,29.587,28.171
BACHELOR OF SCIENCE (COMMUNICATION & JOURNALISM),Degree,RONGO UNIVERSITY,23.723,24.367,27.901,25.295
BACHELOR OF SCIENCE (COMMUNICATION AND JOURNALISM),Degree,KENYA METHODIST UNIVERSITY,,22.449,22.916,27.554
BACHELOR OF COMMUNICATION & JOURNALISM,Degree,MERU UNIVERSITY OF SCIENCE AND TECHNOLOGY,25.762,26.222,30.372,29.808
BACHELOR OF COMMUNICATION & JOURNALISM,Degree,MAASAI MARA UNIVERSITY,26.581,26.116,29.901,28.01
BACHELOR OF SCIENCE (COMMUNICATION AND JOURNALISM),Degree,MOI UNIVERSITY,23.564,30.2,31.074,
BACHELOR OF SCIENCE (MANAGEMENT OF AGRO-ECOSYSTEM AND ENVIRONMENT),Degree,UNIVERSITY OF EMBU,,15.864,17.043,17.459
BACHELOR OF SCIENCE (HORTICULTURE),Degree,CHUKA UNIVERSITY,,15.864,17.043,17.459
BACHELOR OF SCIENCE (HORTICULTURE),Degree,UNIVERSITY OF EMBU,,15.864,17.043,17.459
BACHELOR OF SCIENCE (HORTICULTURE),Degree,TAITA TAVETA UNIVERSITY,,15.864,17.043,17.459
BACHELOR OF SCIENCE (HORTICULTURE),Degree,KISII UNIVERSITY,,15.864,17.043,17.459
BACHELOR OF SCIENCE (HORTICULTURE),Degree,RONGO UNIVERSITY,,15.864,17.043,17.459
BACHELOR OF SCIENCE (HORTICULTURE),Degree,EGERTON UNIVERSITY,,15.864,17.043,17.459
BACHELOR OF SCIENCE(HORTICULTURE),Degree,JARAMOGI OGINGA ODINGA UNIVERSITY OF SCIENCE AND TECHNOLOGY,,15.864,17.043,17.459
BACHELOR OF SCIENCE HORTICULTURE,Degree,JOMO KENYATTA UNIVERSITY OF AGRICULTURE AND TECHNOLOGY,,15.864,23.773,17.459
BACHELOR OF SCIENCE HORTICULTURE,Degree,MERU UNIVERSITY OF SCIENCE AND TECHNOLOGY,,15.864,17.043,17.459
BACHELOR OF SCIENCE (HORTICULTURE),Degree,UNIVERSITY OF KABIANGA,,15.864,17.043,17.459
BACHELOR OF SCIENCE (HORTICULTURE),Degree,UNIVERSITY OF ELDORET,,15.864,17.043,17.459
"BACHELOR OF SCIENCE (HORTICULTURE, WITH IT)",Degree,TOM MBOYA UNIVERSITY,,15.864,17.043,17.459
"BACHELOR OF SCIENCE (HORTICULTURE, WITH IT)",Degree,MASENO UNIVERSITY,,15.864,17.043,17.459
BACHELOR OF SCIENCE (ENVIRONMENTAL CONSERVATION AND NATURAL RESOURCES MANAGEMENT),Degree,UNIVERSITY OF EMBU,,15.864,17.043,17.459
BACHELOR OF SCIENCE (ENVIRONMENTAL CONSERVATION AND NATURAL RESOURCES MANAGEMENT),Degree,UNIVERSITY OF NAIROBI,,15.864,24.003,17.459
BACHELOR OF SCIENCE (ENVIRONMENTAL CONSERVATION AND NATURAL RESOURCES MANAGEMENT),Degree,SOUTH EASTERN KENYA UNIVERSITY,,15.864,17.043,17.459
BACHELOR OF SCIENCE (AGRIBUSINESS MANAGEMENT),Degree,CO-OPERATIVE UNIVERSITY OF KENYA,,15.864,16.974,17.459
BACHELOR OF SCIENCE(AGRIBUSINESS MANAGEMENT),Degree,JARAMOGI OGINGA ODINGA UNIVERSITY OF SCIENCE AND TECHNOLOGY,,15.864,16.974,17.459
BACHELOR OF SCIENCE IN AGRIBUSINESS MANGEMENT,Degree,KABARAK UNIVERSITY,,15.864,16.974,17.459
BACHELOR OF SCIENCE AGRIBUSINESS MANAGEMENT,Degree,MERU UNIVERSITY OF SCIENCE AND TECHNOLOGY,,15.864,16.974,17.459
BACHELOR OF SCIENCE (AGRIBUSINESS MANAGEMENT & TRADE),Degree,PWANI UNIVERSITY,,15.864,16.974,17.459
BACHELOR OF SCIENCE (AGRIBUSINESS MANAGEMENT & TRADE),Degree,KENYATTA UNIVERSITY,20.942,22.511,21.53,25.219
"BACHELOR OF SCIENCE (AGRIBUSINESS MANAGEMENT, WITH IT)",Degree,TOM MBOYA UNIVERSITY,,15.864,16.974,17.459
"BACHELOR OF SCIENCE (AGRIBUSINESS MANAGEMENT, WITH IT)",Degree,MASENO UNIVERSITY,21.655,15.864,16.974,17.459
BACHELOR OF SCIENCE (AGRI BUSINESS MANAGEMENT),Degree,MOI UNIVERSITY,,15.864,16.974,17.459
BACHELOR OF SCIENCE (ENVIRONMENTAL HEALTH),Degree,MASINDE MULIRO UNIVERSITY OF SCIENCE & TECHNOLOGY,,29.517,27.362,17.459
BACHELOR OF SCIENCE IN ENVIRONMENTAL HEALTH,Degree,KIRINYAGA UNIVERSITY,,,,17.459
BACHELOR OF SCIENCE IN ENVIRONMENTAL HEALTH,Degree,KENYA METHODIST UNIVERSITY,,15.864,17.043,17.459
BACHELOR OF SCIENCE IN ENVIRONMENTAL HEALTH,Degree,BOMET UNIVERSITY COLLEGE,,15.864,17.043,17.459
BACHELOR OF SCIENCE IN ENVIRONMENTAL HEALTH,Degree,MURANG'A UNIVERSITY OF TECHNOLOGY,,15.864,17.043,17.459
BACHELOR OF SCIENCE IN ENVIRONMENTAL HEALTH,Degree,DAYSTAR UNIVERSITY,,15.864,17.043,17.459
BACHELOR OF SCIENCE IN ENVIRONMENTAL HEALTH,Degree,PWANI UNIVERSITY,,15.864,17.043,17.459
BACHELOR OF SCIENCE (ENVIRONMENTAL HEALTH),Degree,MOI UNIVERSITY,,29.944,29.424,31.822
BACHELOR OF SCIENCE (ENVIRONMENTAL HEALTH),Degree,KENYATTA UNIVERSITY,26.591,28.791,29.014,29.409
BACHELOR OF HUMAN RESOURCE MANAGEMENT,Degree,KISII UNIVERSITY,25.726,23.579,25.762,25.334
BACHELOR OF HUMAN RESOURCE MANAGEMENT,Degree,CO-OPERATIVE UNIVERSITY OF KENYA,29.337,27.86,29.074,27.774
BACHELOR OF SCIENCE (HUMAN RESOURCE MANAGEMENT),Degree,GARISSA UNIVERSITY,,21.375,21.444,22.544
BACHELOR OF SCIENCE (HUMAN RESOURCE MANAGEMENT),Degree,KIRINYAGA UNIVERSITY,22.665,23.135,,
BACHELOR OF SCIENCE (HUMAN RESOURCE MANAGEMENT),Degree,TECHNICAL UNIVERSITY OF MOMBASA,28.452,,,
BACHELOR OF SCIENCE IN HUMAN REOURCE MANAGEMENT,Degree,RONGO UNIVERSITY,21.486,22.86,25.574,23.052
BACHELOR OF HUMAN RESOURCE MANAGEMENT,Degree,KENYATTA UNIVERSITY,32.565,33.99,32.725,35.116
"BACHELOR OF SCIENCE IN HUMAN RESOURCE MANAGEMENT, WITH IT",Degree,TOM MBOYA UNIVERSITY,22.366,,,
"BACHELOR OF SCIENCE IN HUMAN RESOURCE MANAGEMENT, WITH IT",Degree,MASENO UNIVERSITY,28.799,27.266,28.744,27.071
BACHELOR OF HUMAN RESOURCES MANAGEMENT,Degree,KARATINA UNIVERSITY,24.975,23.556,25.318,26.315
BACHELOR OF SCIENCE (HUMAN RESOURCE MANAGEMENT),Degree,BOMET UNIVERSITY COLLEGE,22.476,21.375,21.444,22.544
BACHELOR OF SCIENCE (HUMAN RESOURCE MANAGEMENT),Degree,MOI UNIVERSITY,22.423,26.656,28.243,27.251
BACHELOR OF SCIENCE (HUMAN RESOURCE MANAGEMENT),Degree,MURANG'A UNIVERSITY OF TECHNOLOGY,23.632,21.375,25.352,24.746
BACHELOR OF SCIENCE (HUMAN RESOURCE MANAGEMENT),Degree,MAASAI MARA UNIVERSITY,22.084,21.375,25.041,25.743
BACHELOR OF SCIENCE (HUMAN RESOURCE MANAGEMENT),Degree,UNIVERSITY OF KABIANGA,23.618,23.016,25.201,25.86
BACHELOR OF SCIENCE IN HUMAN RESOURCE MANAGEMENT,Degree,JOMO KENYATTA UNIVERSITY OF AGRICULTURE AND TECHNOLOGY,30.427,29.685,30.688,30.061
BACHELOR OF SCIENCE IN HUMAN RESOURCE MANAGEMENT,Degree,MERU UNIVERSITY OF SCIENCE AND TECHNOLOGY,24.659,23.523,26.819,26.405
BACHELOR OF SCIENCE (FOOD NUTRITION & DIETETICS),Degree,EGERTON UNIVERSITY,25.147,25.471,29.18,17.459
BACHELOR OF SCIENCE IN FOOD NUTRITION AND DIETETICS,Degree,KISII UNIVERSITY,,15.864,25.164,17.459
BACHELOR OF SCIENCE IN FOOD NUTRITION AND DIETETICS,Degree,MACHAKOS UNIVERSITY,,15.864,24.992,17.459
BACHELOR OF SCIENCE (FOOD NUTRITION AND DIETETICS),Degree,UNIVERSITY OF NAIROBI,31.912,31.104,33.75,33.832
BACHELOR OF SCIENCE (FOOD NUTRITION AND DIETETICS),Degree,SOUTH EASTERN KENYA UNIVERSITY,,15.864,17.043,17.459
"BACHELOR OF SCIENCE (FOOD, NUTRITION & DIETETICS)",Degree,KENYATTA UNIVERSITY,23.451,30.185,33.006,33.435
"BACHELOR OF SCIENCE (NUTRITION AND DIETETICS, WITH IT)",Degree,TOM MBOYA UNIVERSITY,,,17.043,17.459
"BACHELOR OF SCIENCE (NUTRITION AND DIETETICS, WITH IT)",Degree,MASENO UNIVERSITY,,26.579,29.299,17.459
BACHELOR OF SCIENCE (FOOD NUTRITION & DIETETICS),Degree,PWANI UNIVERSITY,,15.864,17.043,17.459
"BACHELOR OF SCIENCE IN FOOD, NUTRITION AND DIETETICS",Degree,MAASAI MARA UNIVERSITY,,15.864,25.478,17.459
BACHELOR OF SCIENCE (BIOMEDICAL SCIENCE AND TECHNOLOGY),Degree,CHUKA UNIVERSITY,34.106,32.603,35.522,34.613
BACHELOR OF SCIENCE (BIOMEDICAL SCIENCE & TECHNOLOGY),Degree,EGERTON UNIVERSITY,35.041,35.782,36.066,35.523
BACHELOR OF SCIENCE IN BIOMEDICAL SCIENCES & TECHNOLOGY,Degree,KISII UNIVERSITY,33.536,34.532,34.984,33.751
BACHELOR OF TECHNOLOGY (SCIENCE LABORATORY TECHNOLOGY),Degree,TECHNICAL UNIVERSITY OF KENYA,35.596,35.428,37.022,36.062
BACHELOR OF SCIENCE (BIOMEDICAL SCIENCE AND TECHNOLOGY,Degree,LAIKIPIA UNIVERSITY,30.791,27.967,32.967,32.153
BACHELOR OF SCIENCE IN BIOMEDICAL SCIENCES & TECHNOLOGY,Degree,"UNIVERSITY OF EASTERN AFRICA, BARATON",,24.733,17.043,
BACHELOR OF SCIENCE (MEDICAL LABORATORY SCIENCES),Degree,MASINDE MULIRO UNIVERSITY OF SCIENCE & TECHNOLOGY,37.268,38.872,38.739,37.83
BACHELOR OF SCIENCE IN MEDICAL LABORATORY SCIENCES,Degree,KISII UNIVERSITY,38.05,38.842,38.7,37.782
BACHELOR OF SCIENCE (MEDICAL LABORATORY SCIENCE & TECHNOLOGY),Degree,UNIVERSITY OF NAIROBI,38.753,41.309,41.139,41.347
"BACHELOR OF SCIENCE (MEDICAL LABORATORY SCIENCES, WITH IT)",Degree,MASENO UNIVERSITY,38.368,39.343,39.359,38.946
BACHELOR OF SCIENCE (MEDICAL LABORATORY SCIENCE),Degree,ALUPE UNIVERSITY,36.185,33.959,36.312,34.711
BACHELOR OF SCIENCE (MEDICAL LABORATORY SCIENCE),Degree,TOM MBOYA UNIVERSITY,35.208,,,
BACHELOR OF SCIENCE (MEDICAL LABORATORY SCIENCE),Degree,MOI UNIVERSITY,34.368,,39.955,39.566
BACHELOR OF SCIENCE (MEDICAL LABORATORY SCIENCE),Degree,KENYATTA UNIVERSITY,38.844,41.175,41.0,40.632
BACHELOR OF SCIENCE (MEDICAL LABORATORY SCIENCES),Degree,MURANG'A UNIVERSITY OF TECHNOLOGY,34.746,38.044,37.873,36.974
BACHELOR OF SCIENCE IN MEDICAL LABORATORY SCIENCES,Degree,MOUNT KENYA UNIVERSITY,38.535,37.868,37.079,40.04
BACHELOR OF SCIENCE IN MEDICAL LABORATORY SCIENCES,Degree,JOMO KENYATTA UNIVERSITY OF AGRICULTURE AND TECHNOLOGY,40.314,40.675,40.68,40.319
BACHELOR OF SCIENCE IN MEDICAL LABORATORY SCIENCES,Degree,KARATINA UNIVERSITY,37.094,30.11,,
BACHELOR OF SCIENCE IN MEDICAL LABORATORY SCIENCES,Degree,MERU UNIVERSITY OF SCIENCE AND TECHNOLOGY,35.249,38.08,38.188,37.411
BACHELOR OF SCIENCE IN MEDICAL LABORATORY SCIENCES,Degree,"UNIVERSITY OF EASTERN AFRICA, BARATON",31.769,30.11,28.532,36.257
BACHELOR OF SCIENCE IN MEDICAL LABORATORY SCIENCES,Degree,SOUTH EASTERN KENYA UNIVERSITY,36.32,36.584,37.12,35.971
BACHELOR OF SCIENCE (OCCUPATIONAL HEALTH & SAFETY),Degree,MASINDE MULIRO UNIVERSITY OF SCIENCE & TECHNOLOGY,27.53,26.923,30.087,24.6
BACHELOR OF SCIENCE (OCCUPATIONAL HEALTH & SAFETY),Degree,KENYATTA UNIVERSITY,29.453,25.552,30.929,29.149
BACHELOR OF SCIENCE IN OCCUPATIONAL THERAPY,Degree,JOMO KENYATTA UNIVERSITY OF AGRICULTURE AND TECHNOLOGY,33.138,32.57,33.161,31.183
BACHELOR OF SCIENCE IN OCCUPATIONAL THERAPY,Degree,PRESBYTERIAN UNIVERSITY OF EAST AFRICA,,15.864,17.043,17.459
BACHELOR OF ARTS (ECONOMICS & SOCIOLOGY),Degree,CHUKA UNIVERSITY,,18.831,19.914,20.1
BACHELOR OF ARTS (ECONOMICS & SOCIOLOGY),Degree,EGERTON UNIVERSITY,,18.831,19.914,20.1
BACHELOR OF ARTS (ECONOMICS AND SOCIOLOGY),Degree,KISII UNIVERSITY,,18.831,19.914,20.1
BACHELOR OF ARTS (ECONOMICS AND SOCIOLOGY),Degree,LAIKIPIA UNIVERSITY,,18.831,19.914,20.1
BACHELOR OF ECONOMICS & STATISTICS,Degree,KIRINYAGA UNIVERSITY,,18.831,19.914,20.1
BACHELOR OF ECONOMICS AND STATISTICS,Degree,KCA UNIVERSITY,,18.831,19.914,28.445
BACHELOR OF ECONOMICS AND STATISTICS,Degree,UNIVERSITY OF EMBU,,18.831,19.914,20.1
BACHELOR OF ECONOMICS AND STATISTICS,Degree,KISII UNIVERSITY,,18.831,19.914,20.1
BACHELOR OF ECONOMICS AND STATISTICS,Degree,KABARAK UNIVERSITY,,18.831,19.914,28.115
BACHELOR OF ECONOMICS & STATISTICS,Degree,KENYATTA UNIVERSITY - MAMA NGINA UNIVERSITY COLLEGE,,18.831,19.914,
BACHELOR OF ECONOMICS & STATISTICS,Degree,CATHOLIC UNIVERSITY OF EASTERN AFRICA,,18.831,19.914,
BACHELOR OF ECONOMICS & STATISTICS,Degree,MACHAKOS UNIVERSITY,,23.151,19.914,22.145
BACHELOR OF ECONOMICS & STATISTICS,Degree,KENYATTA UNIVERSITY,29.878,32.118,28.213,36.104
BACHELOR OF ECONOMICS AND STATISTICS,Degree,OPEN UNIVERSITY OF KENYA,,18.831,,
BACHELOR OF ECONOMICS AND STATISTICS,Degree,ZETECH UNIVERSITY,,18.831,19.914,20.1
BACHELOR OF ECONOMICS AND STATISTICS,Degree,MOUNT KENYA UNIVERSITY,,18.831,19.914,32.652
BACHELOR OF ECONOMICS AND STATISTICS,Degree,UNIVERSITY OF NAIROBI,30.303,34.507,33.223,37.843
BACHELOR OF ECONOMICS AND STATISTICS,Degree,SOUTH EASTERN KENYA UNIVERSITY,,18.831,19.914,20.1
BACHELOR OF SCIENCE (ECONOMICS & STATISTICS),Degree,CHUKA UNIVERSITY,,18.831,19.914,26.14
BACHELOR OF SCIENCE (ECONOMICS & STATISTICS),Degree,MASINDE MULIRO UNIVERSITY OF SCIENCE & TECHNOLOGY,,18.831,19.914,26.288
BACHELOR OF SCIENCE (ECONOMICS & STATISTICS),Degree,EGERTON UNIVERSITY,21.92,24.112,19.914,25.424
BACHELOR OF SCIENCE IN APPLIED STATISTICS AND ECONOMICS,Degree,CO-OPERATIVE UNIVERSITY OF KENYA,21.802,23.543,19.914,20.1
BACHELOR OF SCIENCE (ECONOMICS AND STATISTICS),Degree,THARAKA UNIVERSITY,,18.831,19.914,20.1
BACHELOR OF SCIENCE (ECONOMICS AND STATISTICS),Degree,KAIMOSI FRIENDS UNIVERSITY,,18.831,19.914,20.1
BACHELOR OF SCIENCE (ECONOMICS AND STATISTICS),Degree,LAIKIPIA UNIVERSITY,,18.831,19.914,20.1
BACHELOR OF SCIENCE (ECONOMICS & STATISTICS),Degree,MAASAI MARA UNIVERSITY,,18.831,19.914,20.1
BACHELOR OF BUSINESS AND INFORMATION TECHNOLOGY,Degree,CO-OPERATIVE UNIVERSITY OF KENYA,30.772,26.774,25.941,22.544
BACHELOR OF BUSINESS INFORMATION TECHNOLOGY,Degree,CHUKA UNIVERSITY,22.103,,,
BACHELOR OF BUSINESS INFORMATION TECHNOLOGY,Degree,KCA UNIVERSITY,,21.375,21.444,22.544
BACHELOR OF BUSINESS INFORMATION TECHNOLOGY,Degree,KABARAK UNIVERSITY,,21.375,21.444,22.544
BACHELOR OF BUSINESS AND INFORMATION TECHNOLOGY,Degree,KIRIRI WOMENS UNIVERSITY OF SCIENCE AND TECHNOLOGY,,21.375,21.444,22.544
BACHELOR OF BUSINESS AND INFORMATION TECHNOLOGY,Degree,ST PAULS UNIVERSITY,,21.375,21.444,22.544
BACHELOR OF SCIENCE (MANUFACTURING ENGINEERING & TECHNOLOGY),Degree,EGERTON UNIVERSITY,34.202,31.443,33.73,26.371
BACHELOR OF SCIENCE (ENVIRONMENTAL SCIENCE),Degree,CHUKA UNIVERSITY,,15.864,17.043,17.459
BACHELOR OF SCIENCE (ENVIRONMENTAL SCIENCE),Degree,MASINDE MULIRO UNIVERSITY OF SCIENCE & TECHNOLOGY,,15.864,17.043,17.459
BACHELOR OF SCIENCE (ENVIRONMENTAL SCIENCE),Degree,RONGO UNIVERSITY,,15.864,17.043,17.459
BACHELOR OF SCIENCE (ENVIRONMENTAL SCIENCES),Degree,EGERTON UNIVERSITY,22.095,15.864,21.994,17.459
BACHELOR OF SCIENCE IN ENVIRONMENTAL SCIENCE,Degree,KISII UNIVERSITY,23.519,15.864,17.043,17.459
BACHELOR OF SCIENCE IN ENVIRONMENTAL SCIENCE,Degree,KABARAK UNIVERSITY,,15.864,17.043,17.459
BACHELOR OF SCIENCE IN ENVIRONMENTAL SCIENCE AND TECHNOLOGY,Degree,CO-OPERATIVE UNIVERSITY OF KENYA,,15.864,17.043,17.459
BACHELOR OF SCIENCE IN ENVIRONMENTAL SCIENCE,Degree,MOI UNIVERSITY,,15.864,25.62,17.459
BACHELOR OF SCIENCE IN ENVIRONMENTAL SCIENCE,Degree,JOMO KENYATTA UNIVERSITY OF AGRICULTURE AND TECHNOLOGY,27.687,25.137,29.744,26.311
BACHELOR OF ENVIRONMENTAL STUDIES (SCIENCE),Degree,UNIVERSITY OF ELDORET,,15.864,17.043,17.459
"BACHELOR OF SCIENCE (ENVIRONMENTAL SCIENCE, WITH IT)",Degree,TOM MBOYA UNIVERSITY,,15.864,17.043,17.459
"BACHELOR OF SCIENCE (ENVIRONMENTAL SCIENCE, WITH IT)",Degree,MASENO UNIVERSITY,21.584,15.864,23.036,17.459
BACHELOR OF SCIENCE IN ENVIRONMENTAL STUDIES,Degree,KARATINA UNIVERSITY,,15.864,17.043,17.459
BACHELOR OF ENVIRONMENTAL STUDIES (COMMUNITY DEVELOPMENT),Degree,MACHAKOS UNIVERSITY,,15.864,17.043,17.459
BACHELOR OF SCIENCE (ENVIRONMENTAL SCIENCE),Degree,LAIKIPIA UNIVERSITY,,15.864,17.043,17.459
BACHELOR OF SCIENCE(ENVIRONMENTAL STUDIES),Degree,MAASAI MARA UNIVERSITY,,15.864,17.043,
BACHELOR OF ENVIRONMENTAL SCIENCE,Degree,KENYATTA UNIVERSITY - MAMA NGINA UNIVERSITY COLLEGE,,15.864,17.043,
BACHELOR OF ENVIRONMENTAL SCIENCE,Degree,TURKANA UNIVERSITY COLLEGE,,15.864,17.043,17.459
BACHELOR OF ENVIRONMENTAL SCIENCE,Degree,MACHAKOS UNIVERSITY,,15.864,17.043,17.459
BACHELOR OF ENVIRONMENTAL SCIENCE,Degree,PWANI UNIVERSITY,,15.864,17.043,17.459
BACHELOR OF ENVIRONMENTAL SCIENCE,Degree,KENYATTA UNIVERSITY,24.298,15.864,27.664,22.708
BACHELOR OF SCIENCE (AGRICULTURAL ECONOMICS & RESOURCE MANAGEMENT),Degree,RONGO UNIVERSITY,,15.864,16.974,17.459
BACHELOR OF SCIENCE (AGRICULTURE ECONOMICS & RESOURCE MANAGEMENT),Degree,MASINDE MULIRO UNIVERSITY OF SCIENCE & TECHNOLOGY,,15.864,16.974,17.459
BACHELOR OF SCIENCE ( AGRICULTURAL ECONOMICS AND RESOURCE MANAGEMENT),Degree,TURKANA UNIVERSITY COLLEGE,,15.864,16.974,
BACHELOR OF SCIENCE ( AGRICULTURAL ECONOMICS AND RESOURCE MANAGEMENT),Degree,KIBABII UNIVERSITY,,15.864,16.974,17.459
BACHELOR OF SCIENCE (AGRICULTURAL RESOURCE MANAGEMENT),Degree,KENYATTA UNIVERSITY,,15.864,16.974,17.459
BACHELOR OF SCIENCE (AGRICULTURAL ECONOMICS AND RESOURCE MANAGEMENT),Degree,KAIMOSI FRIENDS UNIVERSITY,,15.864,16.974,17.459
BACHELOR OF SCIENCE (AGRICULTURAL ECONOMICS AND RESOURCE MANAGEMENT),Degree,MOI UNIVERSITY,,15.864,16.974,17.459
BACHELOR OF SCIENCE (AGRICULTURAL ECONOMICS AND RESOURCE MANAGEMENT),Degree,UNIVERSITY OF KABIANGA,,15.864,16.974,17.459
BACHELOR OF SCIENCE (AGRICULTURAL ECONOMICS & RESOURCE MANAGEMENT),Degree,BOMET UNIVERSITY COLLEGE,,15.864,16.974,17.459
BACHELOR OF SCIENCE (AGRICULTURAL ECONOMICS & RESOURCE MANAGEMENT),Degree,MAASAI MARA UNIVERSITY,,15.864,16.974,17.459
BACHELOR OF SCIENCE (AGRICULTURAL ECONOMICS),Degree,CHUKA UNIVERSITY,,15.864,16.974,17.459
BACHELOR OF SCIENCE (AGRICULTURAL ECONOMICS),Degree,EGERTON UNIVERSITY,22.981,15.864,16.974,17.459
BACHELOR OF SCIENCE IN AGRICULTURAL ECONOMICS,Degree,KISII UNIVERSITY,,15.864,16.974,
BACHELOR OF AGRICULTURAL ECONOMICS AND MARKETING,Degree,CO-OPERATIVE UNIVERSITY OF KENYA,,15.864,16.974,17.459
BACHELOR OF SCIENCE (AGRICULTURAL ECONOMICS,Degree,LAIKIPIA UNIVERSITY,,15.864,16.974,17.459
"BACHELOR OF SCIENCE ( AGRICULTURAL ECONOMICS, WITH IT)",Degree,TOM MBOYA UNIVERSITY,,15.864,16.974,17.459
"BACHELOR OF SCIENCE ( AGRICULTURAL ECONOMICS, WITH IT)",Degree,MASENO UNIVERSITY,,15.864,16.974,17.459
BACHELOR OF SCIENCE (AGRICULTURAL ECONOMICS),Degree,UNIVERSITY OF ELDORET,,15.864,16.974,17.459
BACHELOR OF SCIENCE (CLOTHING TEXTILE & INTERIOR DESIGN),Degree,EGERTON UNIVERSITY,23.611,23.553,27.736,17.459
BACHELOR OF SCIENCE (FASHION DESIGN AND TEXTILE TECHNOLOGY),Degree,KIRINYAGA UNIVERSITY,,15.864,17.388,17.459
BACHELOR OF SCIENCE (FASHION DESIGN AND TEXTILE TECHNOLOGY),Degree,RONGO UNIVERSITY,,15.864,24.279,17.459
"BACHELOR OF ARTS (TEXTILE, FASHION DESIGN AND MERCHANDISING, WITH IT)",Degree,MASENO UNIVERSITY,,15.864,25.364,17.459
BACHELOR OF SCIENCE (FASHION DESIGN AND TEXTILE TECHNOLOGY),Degree,"UNIVERSITY OF EASTERN AFRICA, BARATON",,15.864,17.388,17.459
BACHELOR OF SCIENCE IN TEXTILE TECHNOLOGY & APPLIED FASHION DESIGN,Degree,SOUTH EASTERN KENYA UNIVERSITY,,15.864,17.388,17.459
BACHELOR OF SCIENCE (FASHION DESIGN & MARKETING),Degree,KENYATTA UNIVERSITY,25.263,26.002,30.742,29.317
BACHELOR OF SCIENCE IN FASHION DESIGN AND MARKETING,Degree,MACHAKOS UNIVERSITY,,15.864,22.648,17.459
BACHELOR OF SCIENCE (APPAREL & FASHION TECHNOLOGY),Degree,UNIVERSITY OF ELDORET,,15.864,25.015,17.459
BACHELOR OF HOSPITALITY AND TOURISM MANAGEMENT,Degree,SCOTT CHRISTIAN UNIVERSITY,,21.375,21.444,22.544
BACHELOR OF SCIENCE (HOSPITALITY AND TOURISM MANAGEMENT),Degree,GRETSA UNIVERSITY,,21.375,21.444,
BACHELOR OF SCIENCE (HOSPITALITY AND TOURISM MANAGEMENT),Degree,KENYA METHODIST UNIVERSITY,,,,23.013
BACHELOR OF HOSPITALITY AND INSTITUTIONAL MANAGEMENT,Degree,MASINDE MULIRO UNIVERSITY OF SCIENCE & TECHNOLOGY,26.523,23.962,26.561,27.435
BACHELOR OF SCIENCE (HOSPITALITY AND TOURISM MANAGEMENT),Degree,KENYATTA UNIVERSITY - MAMA NGINA UNIVERSITY COLLEGE,26.381,25.531,27.035,26.52
BACHELOR OF SCIENCE (HOSPITALITY AND TOURISM MANAGEMENT),Degree,ZETECH UNIVERSITY,22.619,21.375,24.231,27.045
BACHELOR OF SCIENCE (HOSPITALITY AND TOURISM MANAGEMENT),Degree,MACHAKOS UNIVERSITY,26.125,23.996,26.811,25.757
BACHELOR OF SUSTAINABLE TOURISM AND HOSPITALITY MANAGEMENT,Degree,DEDAN KIMATHI UNIVERSITY OF TECHNOLOGY,26.091,25.03,27.295,26.114
BACHELOR OF SCIENCE (HOSPITALITY & TOURISM MANAGEMENT),Degree,PRESBYTERIAN UNIVERSITY OF EAST AFRICA,,21.375,21.444,22.544
BACHELOR OF SCIENCE (HOSPITALITY & TOURISM MANAGEMENT),Degree,PWANI UNIVERSITY,27.353,24.772,27.459,26.592
BACHELOR OF SCIENCE (HOSPITALITY & TOURISM MANAGEMENT),Degree,KENYATTA UNIVERSITY,30.444,29.608,31.532,30.723
BACHELOR OF HOTEL AND HOSPITALITY MANAGEMENT,Degree,KISII UNIVERSITY,25.298,21.375,24.435,22.544
BACHELOR OF HOTEL AND HOSPITALITY MANAGEMENT,Degree,RONGO UNIVERSITY,22.435,23.57,24.915,22.544
BACHELOR OF HOTELS AND HOSPITALITY MANAGEMENT,Degree,MOI UNIVERSITY,22.894,26.119,27.875,27.586
BACHELOR OF HOTELS AND HOSPITALITY MANAGEMENT,Degree,MAASAI MARA UNIVERSITY,27.31,26.074,27.916,26.827
BACHELOR OF HOTELS AND HOSPITALITY MANAGEMENT,Degree,UNIVERSITY OF KABIANGA,24.101,23.329,25.908,23.984
BACHELOR OF HOTEL & HOSPITALITY MANAGEMENT,Degree,UNIVERSITY OF ELDORET,26.44,24.844,27.599,26.952
BACHELOR OF HOTEL AND HOSPITALITY MANAGEMENT,Degree,ALUPE UNIVERSITY,23.083,23.319,24.604,22.544
BACHELOR OF HOTEL AND HOSPITALITY MANAGEMENT,Degree,KARATINA UNIVERSITY,24.717,23.369,25.393,25.004
BACHELOR OF SCIENCE (ECOTOURISM & HOSPITALITY MANAGEMENT),Degree,EGERTON UNIVERSITY,27.917,27.305,27.769,26.373
BACHELOR OF SCIENCE IN ECOTOURISM,Degree,CHUKA UNIVERSITY,25.581,24.837,26.382,24.647
BACHELOR OF TOURISM AND HOSPITALITY MANAGEMENT,Degree,RONGO UNIVERSITY,22.458,22.999,22.353,
BACHELOR OF ECOTOURISM AND HOSPITALITY MANAGEMENT,Degree,KISII UNIVERSITY,23.063,21.375,23.021,22.544
"BACHELOR OF SCIENCE (ECO-TOURISM, HOTEL AND INSTITUTION MANAGEMENT, WITH IT)",Degree,TOM MBOYA UNIVERSITY,21.964,21.375,22.817,22.544
"BACHELOR OF SCIENCE (ECO-TOURISM, HOTEL AND INSTITUTION MANAGEMENT, WITH IT)",Degree,MASENO UNIVERSITY,28.14,27.327,,
BACHELOR OF SCIENCE IN HOSPITALITY MANAGEMENT,Degree,GRETSA UNIVERSITY,,21.375,21.444,23.61
BACHELOR OF SCIENCE IN HOSPITALITY MANAGEMENT,Degree,KENYA METHODIST UNIVERSITY,,21.375,21.444,22.544
BACHELOR OF SCIENCE IN HOSPITALITY MANAGEMENT,Degree,KABARAK UNIVERSITY,21.764,21.375,21.444,26.223
BACHELOR OF SCIENCE IN HOSPITALITY AND TOURISM MANAGEMENT,Degree,UNIVERSITY OF EMBU,25.735,,,
BACHELOR OF SCIENCE IN HOSPITALITY MANAGEMENT,Degree,MOUNT KENYA UNIVERSITY,27.319,27.515,27.433,29.029
BACHELOR OF SCIENCE IN HOSPITALITY AND TOURISM MANAGEMENT,Degree,MERU UNIVERSITY OF SCIENCE AND TECHNOLOGY,23.048,23.506,25.043,23.257
BACHELOR OF SCIENCE (BIOTECHNOLOGY),Degree,KISII UNIVERSITY,,15.683,16.974,17.459
BACHELOR OF SCIENCE (BIOTECHNOLOGY),Degree,MASINDE MULIRO UNIVERSITY OF SCIENCE & TECHNOLOGY,,15.683,16.974,17.459
BACHELOR OF SCIENCE (BIOTECHNOLOGY),Degree,JOMO KENYATTA UNIVERSITY OF AGRICULTURE AND TECHNOLOGY,28.953,28.159,26.759,26.674
BACHELOR OF SCIENCE (BIOTECHNOLOGY),Degree,MERU UNIVERSITY OF SCIENCE AND TECHNOLOGY,,15.683,16.974,17.459
BACHELOR OF SCIENCE (BIOTECHNOLOGY),Degree,PWANI UNIVERSITY,,15.683,16.974,17.459
BACHELOR OF SCIENCE (BIOTECHNOLOGY),Degree,KENYATTA UNIVERSITY,22.345,25.602,25.106,27.845
BACHELOR OF SCIENCE (INFORMATION TECHNOLOGY),Degree,KCA UNIVERSITY,,18.814,18.638,25.077
BACHELOR OF SCIENCE (INFORMATION TECHNOLOGY),Degree,TAITA TAVETA UNIVERSITY,,18.814,18.638,19.223
BACHELOR OF SCIENCE (INFORMATION TECHNOLOGY),Degree,MASINDE MULIRO UNIVERSITY OF SCIENCE & TECHNOLOGY,29.514,29.277,31.838,30.486
BACHELOR OF SCIENCE IN INFORMATION TECHNOLOGY,Degree,UNIVERSITY OF EMBU,27.469,26.283,26.252,22.49
BACHELOR OF SCIENCE IN INFORMATION TECHNOLOGY,Degree,CO-OPERATIVE UNIVERSITY OF KENYA,33.614,31.768,33.547,32.1
BACHELOR OF SCIENCE IN INFORMATION TECHNOLOGY,Degree,KIRINYAGA UNIVERSITY,23.847,21.468,18.638,19.223
BACHELOR OF SCIENCE IN INFORMATION TECHNOLOGY,Degree,TECHNICAL UNIVERSITY OF MOMBASA,29.049,29.323,31.706,30.552
BACHELOR OF SCIENCE IN INFORMATION TECHNOLOGY,Degree,KABARAK UNIVERSITY,,18.814,18.638,22.785
BACHELOR OF INFORMATION TECHNOLOGY,Degree,ALUPE UNIVERSITY,20.933,,,
BACHELOR OF TECHNOLOGY (INFORMATION TECHNOLOGY),Degree,TECHNICAL UNIVERSITY OF KENYA,35.975,36.399,38.039,36.852
BACHELOR OF SCIENCE IN INFORMATION TECHNOLOGY,Degree,KAIMOSI FRIENDS UNIVERSITY,21.915,22.998,18.638,19.223
BACHELOR OF SCIENCE IN INFORMATION TECHNOLOGY,Degree,ZETECH UNIVERSITY,,18.814,18.638,19.223
BACHELOR OF SCIENCE IN INFORMATION TECHNOLOGY,Degree,MOUNT KENYA UNIVERSITY,27.771,29.619,23.496,32.755
BACHELOR OF SCIENCE IN INFORMATION TECHNOLOGY,Degree,JOMO KENYATTA UNIVERSITY OF AGRICULTURE AND TECHNOLOGY,38.307,39.851,40.27,37.337
BACHELOR OF SCIENCE IN INFORMATION TECHNOLOGY,Degree,MURANG'A UNIVERSITY OF TECHNOLOGY,30.543,30.317,29.606,26.873
BACHELOR OF SCIENCE IN INFORMATION TECHNOLOGY,Degree,KARATINA UNIVERSITY,26.545,25.372,22.568,23.427
BACHELOR OF SCIENCE IN INFORMATION TECHNOLOGY,Degree,MERU UNIVERSITY OF SCIENCE AND TECHNOLOGY,25.762,29.204,29.029,27.427
BACHELOR OF SCIENCE IN INFORMATION TECHNOLOGY,Degree,GREAT LAKES UNIVERSITY OF KISUMU,,18.814,18.638,19.223
BACHELOR OF SCIENCE IN INFORMATION TECHNOLOGY,Degree,DEDAN KIMATHI UNIVERSITY OF TECHNOLOGY,33.018,33.591,34.511,33.78
BACHELOR OF SCIENCE IN INFORMATION TECHNOLOGY,Degree,MULTIMEDIA UNIVERSITY OF KENYA,36.113,35.385,35.394,34.607
BACHELOR OF SCIENCE IN INFORMATION TECHNOLOGY,Degree,AFRICA INTERNATIONAL UNIVERSITY,,18.814,18.638,19.223
BACHELOR OF SCIENCE IN INFORMATION TECHNOLOGY,Degree,UNIVERSITY OF ELDORET,30.026,30.177,30.339,29.468
BACHELOR OF SCIENCE (INFORMATION TECHNOLOGY),Degree,TOM MBOYA UNIVERSITY,,18.814,18.638,19.223
BACHELOR OF SCIENCE (INFORMATION TECHNOLOGY),Degree,MASENO UNIVERSITY,32.037,31.702,33.019,29.849
BACHELOR OF SCIENCE (INFORMATION TECHNOLOGY),Degree,MACHAKOS UNIVERSITY,30.268,29.664,31.083,29.082
BACHELOR OF SCIENCE (INFORMATION TECHNOLOGY),Degree,KENYA HIGHLANDS EVANGELICAL UNIVERSITY,,18.814,18.638,19.223
BACHELOR OF SCIENCE (INFORMATION TECHNOLOGY),Degree,UNIVERSITY OF KABIANGA,26.399,23.51,27.013,27.635
BACHELOR OF SCIENCE (INFORMATION TECHNOLOGY),Degree,KIBABII UNIVERSITY,23.94,24.337,22.458,19.223
BACHELOR OF LIBRARY AND INFORMATION SCIENCE,Degree,UNIVERSITY OF EMBU,,21.375,21.444,22.544
BACHELOR OF SCIENCE IN LIBRARY AND INFORMATION SCIENCE,Degree,EGERTON UNIVERSITY,,21.375,21.444,22.544
BACHELOR OF SCIENCE IN LIBRARY AND KNOWLEDGE MANAGEMENT,Degree,JARAMOGI OGINGA ODINGA UNIVERSITY OF SCIENCE AND TECHNOLOGY,,21.375,21.444,22.544
BACHELOR OF SCIENCE IN INFORMATION SCIENCE,Degree,THARAKA UNIVERSITY,,21.375,21.444,22.544
BACHELOR OF SCIENCE IN INFORMATION SCIENCE,Degree,JOMO KENYATTA UNIVERSITY OF AGRICULTURE AND TECHNOLOGY,,24.8,21.444,26.203
BACHELOR OF SCIENCE IN LIBRARY AND INFORMATION SCIENCE,Degree,CATHOLIC UNIVERSITY OF EASTERN AFRICA,,21.375,21.444,22.544
BACHELOR OF LIBRARY & INFORMATION SCIENCE,Degree,KENYATTA UNIVERSITY,,21.375,21.444,22.544
BACHELOR OF LIBRARY AND INFORMATION STUDIES,Degree,LAIKIPIA UNIVERSITY,,21.375,21.444,22.544
BACHELOR OF LIBRARY AND INFORMATION SCIENCE,Degree,KENYATTA UNIVERSITY - MAMA NGINA UNIVERSITY COLLEGE,,,21.444,
BACHELOR OF TRAVEL AND TOURS OPERATIONS MANAGEMENT,Degree,KISII UNIVERSITY,22.277,21.375,22.887,22.544
BACHELOR OF TRAVEL & TOURS MANAGEMENT,Degree,MURANG'A UNIVERSITY OF TECHNOLOGY,22.316,21.375,21.935,22.544
BACHELOR OF TRAVEL & TOURS OPERATIONS MANAGEMENT,Degree,UNIVERSITY OF ELDORET,24.214,23.068,,
BACHELOR OF TRAVEL AND TOURS OPERATIONS MANAGEMENT,Degree,MOI UNIVERSITY,22.292,21.375,24.987,25.557
BACHELOR OF INTERNATIONAL TOURISM MANAGEMENT,Degree,JARAMOGI OGINGA ODINGA UNIVERSITY OF SCIENCE AND TECHNOLOGY,22.618,23.39,24.518,23.951
BACHELOR OF INFORMATION TECHNOLOGY,Degree,KISII UNIVERSITY,21.165,21.914,18.638,22.946
BACHELOR OF INFORMATION TECHNOLOGY,Degree,KENYATTA UNIVERSITY - MAMA NGINA UNIVERSITY COLLEGE,27.693,26.696,23.257,
BACHELOR OF INFORMATION TECHNOLOGY,Degree,SOUTH EASTERN KENYA UNIVERSITY,20.797,22.751,23.196,19.223
BACHELOR OF INFORMATION TECHNOLOGY,Degree,KENYATTA UNIVERSITY,37.781,38.915,39.905,38.607
BACHELOR OF ARTS (PSYCHOLOGY),Degree,KISII UNIVERSITY,,22.449,22.916,22.926
BACHELOR OF ARTS IN PSYCHOLOGY WITH TECHNOLOGY,Degree,ZETECH UNIVERSITY,,22.449,22.916,22.926
BACHELOR OF ARTS (PSYCHOLOGY),Degree,BOMET UNIVERSITY COLLEGE,,22.449,22.916,22.926
BACHELOR OF ARTS (PSYCHOLOGY),Degree,THARAKA UNIVERSITY,,22.449,22.916,
BACHELOR OF ARTS (PSYCHOLOGY),Degree,MOI UNIVERSITY,,22.449,27.648,24.711
BACHELOR OF ARTS (PSYCHOLOGY),Degree,PWANI UNIVERSITY,,22.449,22.916,22.926
BACHELOR OF ARTS (PSYCHOLOGY),Degree,KENYATTA UNIVERSITY,31.229,29.717,34.531,32.706
BACHELOR OF PSYCHOLOGY,Degree,CHUKA UNIVERSITY,25.603,24.829,29.612,27.041
BACHELOR OF PSYCHOLOGY,Degree,EGERTON UNIVERSITY,27.236,27.232,30.523,27.928
BACHELOR OF PSYCHOLOGY,Degree,LAIKIPIA UNIVERSITY,,22.449,24.58,22.926
BACHELOR OF PSYCHOLOGY ( WITH IT),Degree,MASENO UNIVERSITY,23.781,24.074,28.441,25.767
BACHELOR OF SCIENCE (COMMUNITY DEVELOPMENT),Degree,CHUKA UNIVERSITY,22.941,22.449,26.217,22.926
BACHELOR OF SCIENCE (COMMUNITY DEVELOPMENT),Degree,EGERTON UNIVERSITY,23.488,22.449,26.662,23.855
BACHELOR OF COMMUNITY DEVELOPMENT,Degree,CO-OPERATIVE UNIVERSITY OF KENYA,22.945,22.449,25.098,22.926
BACHELOR OF SCIENCE (COMMUNITY DEVELOPMENT),Degree,THARAKA UNIVERSITY,,22.449,22.916,22.926
BACHELOR OF SCIENCE (COMMUNITY DEVELOPMENT),Degree,LAIKIPIA UNIVERSITY,,22.449,22.916,22.926
BACHELOR OF MASS COMMUNICATION,Degree,AFRICA NAZARENE UNIVERSITY,,22.449,24.067,31.221
BACHELOR OF MASS COMMUNICATION,Degree,KABARAK UNIVERSITY,,22.449,24.63,28.808
BACHELOR OF ARTS IN JOURNALISM AND MASS COMMUNICATION,Degree,"UNIVERSITY OF EASTERN AFRICA, BARATON",,22.449,22.916,27.961
BACHELOR OF ARTS IN MASS COMMUNICATION,Degree,PRESBYTERIAN UNIVERSITY OF EAST AFRICA,,22.449,22.916,22.926
BACHELOR OF MASS COMMUNICATION,Degree,JOMO KENYATTA UNIVERSITY OF AGRICULTURE AND TECHNOLOGY,30.205,30.116,33.007,32.794
BACHELOR OF BUSINESS INFORMATION TECHNOLOGY,Degree,UNIVERSITY OF EMBU,25.619,25.384,21.444,22.544
BACHELOR OF BUSINESS INFORMATION TECHNOLOGY,Degree,TAITA TAVETA UNIVERSITY,,21.375,21.444,22.544
BACHELOR OF BUSINESS INFORMATION TECHNOLOGY,Degree,SCOTT CHRISTIAN UNIVERSITY,,21.375,21.444,22.544
BACHELOR OF BUSINESS INFORMATION TECHNOLOGY,Degree,KIRINYAGA UNIVERSITY,,21.375,21.444,22.544
BACHELOR OF BUSINESS INFORMATION TECHNOLOGY,Degree,AFRICA NAZARENE UNIVERSITY,,25.254,21.444,29.114
BACHELOR OF BUSINESS INFORMATION TECHNOLOGY,Degree,KENYA METHODIST UNIVERSITY,,21.375,21.444,22.544
BACHELOR OF BUSINESS INFORMATION TECHNOLOGY,Degree,PAN AFRICA CHRISTIAN UNIVERSITY,,21.375,21.444,22.544
BACHELOR OF BUSINESS INFORMATION TECHNOLOGY,Degree,TECHNICAL UNIVERSITY OF MOMBASA,,21.375,21.444,22.544
BACHELOR OF BUSINESS INFORMATION TECHNOLOGY,Degree,RIARA UNIVERSITY,30.961,32.503,31.615,27.628
BACHELOR OF BUSINESS INFORMATION TECHNOLOGY,Degree,THE EAST AFRICAN UNIVERSITY,,21.375,21.444,22.544
BACHELOR OF BUSINESS INFORMATION TECHNOLOGY,Degree,ZETECH UNIVERSITY,,21.375,21.444,22.544
BACHELOR OF BUSINESS INFORMATION TECHNOLOGY,Degree,MOUNT KENYA UNIVERSITY,,27.32,21.444,29.834
BACHELOR OF BUSINESS INFORMATION TECHNOLOGY,Degree,JOMO KENYATTA UNIVERSITY OF AGRICULTURE AND TECHNOLOGY,34.605,34.173,33.016,33.351
BACHELOR OF BUSINESS INFORMATION TECHNOLOGY,Degree,MURANG'A UNIVERSITY OF TECHNOLOGY,27.402,27.359,21.444,22.544
BACHELOR OF BUSINESS INFORMATION TECHNOLOGY,Degree,MERU UNIVERSITY OF SCIENCE AND TECHNOLOGY,24.231,26.523,21.444,22.544
BACHELOR OF BUSINESS INFORMATION TECHNOLOGY,Degree,"UNIVERSITY OF EASTERN AFRICA, BARATON",,21.375,21.444,22.544
BACHELOR OF BUSINESS INFORMATION TECHNOLOGY,Degree,DEDAN KIMATHI UNIVERSITY OF TECHNOLOGY,31.259,31.074,27.902,29.512
BACHELOR OF BUSINESS INFORMATION TECHNOLOGY,Degree,SOUTH EASTERN KENYA UNIVERSITY,,21.375,21.444,22.544
BACHELOR OF BUSINESS INFORMATION TECHNOLOGY,Degree,MULTIMEDIA UNIVERSITY OF KENYA,31.802,31.205,29.991,28.828
BACHELOR OF SCIENCE (ELECTRICAL AND COMMUNICATION ENGINEERING),Degree,MASINDE MULIRO UNIVERSITY OF SCIENCE & TECHNOLOGY,31.158,29.271,34.286,31.256
BACHELOR OF SCIENCE IN ELECTRICAL AND TELECOMMUNICATION ENGINEERING,Degree,MULTIMEDIA UNIVERSITY OF KENYA,32.736,30.939,35.865,33.86
BACHELOR OF PURCHASING & SUPPLIES MANAGEMENT,Degree,EGERTON UNIVERSITY,,21.375,21.444,22.544
BACHELOR OF PURCHASING AND SUPPLIES MANAGEMENT,Degree,TAITA TAVETA UNIVERSITY,,21.375,21.444,22.544
BACHELOR OF PURCHASING AND SUPPLIES MANAGEMENT,Degree,KISII UNIVERSITY,,21.375,21.444,22.544
BACHELOR OF PURCHASING AND SUPPLIES MANAGEMENT,Degree,CO-OPERATIVE UNIVERSITY OF KENYA,,21.375,21.444,22.544
BACHELOR OF SCIENCE IN SUPPLY CHAIN MANAGEMENT,Degree,RONGO UNIVERSITY,,21.375,21.444,
BACHELOR OF SCIENCE IN SUPPLY CHAIN MANAGEMENT,Degree,TECHNICAL UNIVERSITY OF MOMBASA,,21.375,21.444,22.544
BACHELOR OF PURCHASING & SUPPLIES MANAGEMENT,Degree,DEDAN KIMATHI UNIVERSITY OF TECHNOLOGY,,21.375,21.444,22.544
BACHELOR OF SCIENCE IN SUPPLY CHAIN MANAGEMENT,Degree,JOMO KENYATTA UNIVERSITY OF AGRICULTURE AND TECHNOLOGY,,24.391,21.444,24.893
BACHELOR OF LOGISTICS AND SUPPLY CHAIN MANAGEMENT,Degree,JARAMOGI OGINGA ODINGA UNIVERSITY OF SCIENCE AND TECHNOLOGY,,21.375,21.444,22.544
BACHELOR OF PROCUREMENT AND SUPPLY CHAIN MANAGEMENT,Degree,AFRICA NAZARENE UNIVERSITY,,21.375,21.444,22.544
BACHELOR PURCHASING AND SUPPLIES MANAGEMENT,Degree,UNIVERSITY OF EMBU,,21.375,21.444,22.544
BACHELOR OF PROCUREMENT AND SUPPLIES MANAGEMENT,Degree,KIRINYAGA UNIVERSITY,,21.375,21.444,22.544
BACHELOR OF PROCUREMENT AND SUPPLY CHAIN MANAGEMENT,Degree,MASENO UNIVERSITY,,21.375,21.444,22.544
BACHELOR OF PROCUREMENT AND SUPPLY CHAIN MANAGEMENT,Degree,SOUTH EASTERN KENYA UNIVERSITY,,21.375,21.444,22.544
BACHELOR OF SCIENCE (PROCUREMENT AND SUPPLIES MANAGEMENT),Degree,MURANG'A UNIVERSITY OF TECHNOLOGY,,21.375,21.444,22.544
BACHELOR OF PROCUREMENT AND LOGISTICS MANAGEMENT,Degree,CHUKA UNIVERSITY,,21.375,21.444,22.544
BACHELOR OF PROCUREMENT AND LOGISTICS MANAGEMENT,Degree,KCA UNIVERSITY,,21.375,21.444,22.544
BACHELOR OF PROCUREMENT AND LOGISTICS MANAGEMENT,Degree,KABARAK UNIVERSITY,,21.375,21.444,22.544
BACHELOR OF PROCUREMENT AND LOGISTICS MANAGEMENT,Degree,THARAKA UNIVERSITY,,21.375,21.444,22.544
BACHELOR OF PROCUREMENT AND LOGISTICS MANAGEMENT,Degree,MERU UNIVERSITY OF SCIENCE AND TECHNOLOGY,,21.375,21.444,22.544
BACHELOR OF PROCUREMENT AND LOGISTICS MANAGEMENT,Degree,MULTIMEDIA UNIVERSITY OF KENYA,,21.375,21.444,22.544
BACHELOR OF PROCUREMENT,Degree,MOUNT KENYA UNIVERSITY,,21.375,21.444,24.48
BACHELOR OF SCIENCE (MECHANICAL AND INDUSTRIAL ENGINEERING),Degree,MASINDE MULIRO UNIVERSITY OF SCIENCE & TECHNOLOGY,34.39,33.753,35.66,31.168
BACHELOR OF SCIENCE IN AGRIBUSINESS MANAGEMENT AND MARKETING,Degree,MASINDE MULIRO UNIVERSITY OF SCIENCE & TECHNOLOGY,,15.864,16.974,17.459
BACHELOR OF SCIENCE IN AGRIBUSINESS MANAGEMENT,Degree,TAITA TAVETA UNIVERSITY,,15.864,16.974,17.459
BACHELOR OF SCIENCE IN AGRIBUSINESS MANAGEMENT,Degree,KISII UNIVERSITY,21.27,15.864,16.974,17.459
BACHELOR OF AGRIBUSINESS MANAGEMENT,Degree,CHUKA UNIVERSITY,,15.864,16.974,17.459
BACHELOR OF AGRIBUSINESS MANAGEMENT,Degree,EGERTON UNIVERSITY,21.719,15.864,16.974,17.459
BACHELOR OF AGRIBUSINESS MANAGEMENT,Degree,THARAKA UNIVERSITY,,15.864,16.974,17.459
BACHELOR OF AGRIBUSINESS MANAGEMENT,Degree,LAIKIPIA UNIVERSITY,,15.864,16.974,17.459
BACHELOR OF AGRIBUSINESS MANAGEMENT,Degree,MAASAI MARA UNIVERSITY,,15.864,16.974,17.459
BACHELOR OF SCIENCE (MICROBIOLOGY AND BIOTECHNOLOGY),Degree,UNIVERSITY OF EMBU,,15.683,16.974,17.459
BACHELOR OF SCIENCE IN MICROBIOLOGY AND BIOTECHNOLOGY,Degree,CHUKA UNIVERSITY,,15.683,16.974,17.459
BACHELOR OF SCIENCE (MICROBIOLOGY AND BIOTECHNOLOGY),Degree,UNIVERSITY OF NAIROBI,22.646,25.645,25.71,25.558
BACHELOR OF TECHNOLOGY IN INDUSTRIAL MICROBIOLOGY & BIOTECHNOLOGY,Degree,TECHNICAL UNIVERSITY OF MOMBASA,,15.683,16.974,17.459
BACHELOR OF EDUCATION (FRENCH),Degree,MASINDE MULIRO UNIVERSITY OF SCIENCE & TECHNOLOGY,,21.858,22.358,22.636
BACHELOR OF EDUCATION (FRENCH),Degree,KAIMOSI FRIENDS UNIVERSITY,,21.858,22.358,22.636
BACHELOR OF EDUCATION (ARTS) FRENCH,Degree,KENYATTA UNIVERSITY,30.555,32.597,33.386,32.023
BACHELOR OF SCIENCE IN ANIMAL HEALTH AND PRODUCTION,Degree,CHUKA UNIVERSITY,23.177,,,
BACHELOR OF SCIENCE IN ANIMAL PRODUCTION AND PROCESSING,Degree,MASINDE MULIRO UNIVERSITY OF SCIENCE & TECHNOLOGY,,15.864,25.234,17.459
"BACHELOR OF SCIENCE (ANIMAL HEALTH, PRODUCTION & PROCESSING)",Degree,JOMO KENYATTA UNIVERSITY OF AGRICULTURE AND TECHNOLOGY,32.819,29.401,33.307,32.156
BACHELOR OF SCIENCE IN ANIMAL HEALTH AND PRODUCTION,Degree,MOUNT KENYA UNIVERSITY,,15.864,17.043,23.621
BACHELOR OF ARTS (GEOGRAPHY),Degree,KISII UNIVERSITY,21.372,18.144,23.911,19.921
BACHELOR OF ARTS (GEOGRAPHY),Degree,RONGO UNIVERSITY,,18.144,24.656,19.921
BACHELOR OF SCIENCE (GEOGRAPHY),Degree,EGERTON UNIVERSITY,26.717,22.88,28.094,27.038
BACHELOR OF ARTS IN GEOGRAPHY AND ECONOMICS,Degree,CHUKA UNIVERSITY,25.415,22.56,27.87,26.816
BACHELOR OF SCIENCE (GEOGRAPHY),Degree,LAIKIPIA UNIVERSITY,,18.144,24.214,19.921
BACHELOR OF SCIENCE (GEOGRAPHY),Degree,PWANI UNIVERSITY,20.988,18.144,26.787,25.686
BACHELOR OF ARTS IN GEOGRAPHY,Degree,CATHOLIC UNIVERSITY OF EASTERN AFRICA,,18.144,18.555,19.921
BACHELOR OF ARTS (GEOGRAPHY),Degree,BOMET UNIVERSITY COLLEGE,21.686,18.144,22.789,19.921
BACHELOR OF ARTS (GEOGRAPHY),Degree,MOI UNIVERSITY,,21.96,27.755,26.089
BACHELOR OF ARTS (GEOGRAPHY),Degree,KARATINA UNIVERSITY,20.619,18.144,24.685,19.921
BACHELOR OF SCIENCE (ANIMAL SCIENCE),Degree,CHUKA UNIVERSITY,,15.864,23.727,17.459
BACHELOR OF SCIENCE (ANIMAL SCIENCE),Degree,EGERTON UNIVERSITY,22.376,15.864,21.653,17.459
BACHELOR OF SCIENCE (ANIMAL SCIENCE),Degree,JARAMOGI OGINGA ODINGA UNIVERSITY OF SCIENCE AND TECHNOLOGY,,15.864,22.851,17.459
BACHELOR OF SCIENCE IN ANIMAL SCIENCE,Degree,KISII UNIVERSITY,,15.864,17.043,17.459
BACHELOR OF SCIENCE IN ANIMAL SCIENCE,Degree,THARAKA UNIVERSITY,,15.864,17.043,17.459
BACHELOR OF SCIENCE IN ANIMAL SCIENCE,Degree,KARATINA UNIVERSITY,,15.864,17.043,17.459
BACHELOR OF SCIENCE (ANIMAL SCIENCE & MANAGEMENT),Degree,MOI UNIVERSITY,,15.864,25.033,17.459
BACHELOR OF SCIENCE (ANIMAL SCIENCE & MANAGEMENT),Degree,UNIVERSITY OF ELDORET,,15.864,25.215,17.459
"BACHELOR OF SCIENCE (ANIMAL SCIENCE, WITH IT)",Degree,MASENO UNIVERSITY,,15.864,25.008,17.459
BACHELOR OF ARTS IN INTERNATIONAL RELATIONS AND DIPLOMACY,Degree,RIARA UNIVERSITY,32.701,32.245,35.45,32.73
"BACHELOR OF ARTS (INTERNATIONAL RELATIONS AND DIPLOMACY ,WITH IT)",Degree,MASENO UNIVERSITY,26.49,24.178,28.666,26.452
BACHELOR OF ARTS (INTERNATIONAL RELATIONS AND DIPLOMACY),Degree,TECHNICAL UNIVERSITY OF KENYA,32.439,34.222,34.267,35.006
BACHELOR OF ARTS (INTERNATIONAL RELATIONS AND DIPLOMACY),Degree,KENYATTA UNIVERSITY,33.921,,,
BACHELOR OF ARTS IN INTERNATIONAL RELATIONS AND DIPLOMACY,Degree,MOUNT KENYA UNIVERSITY,24.662,,,
BACHELOR OF ARTS IN INTERNATIONAL RELATIONS,Degree,KENYA METHODIST UNIVERSITY,,22.449,22.916,24.893
BACHELOR OF ARTS IN INTERNATIONAL RELATIONS,Degree,RONGO UNIVERSITY,22.045,22.449,27.008,22.926
BACHELOR OF ARTS IN INTERNATIONAL RELATIONS,Degree,CATHOLIC UNIVERSITY OF EASTERN AFRICA,23.142,22.449,22.916,29.521
BACHELOR OF ARTS IN INTERNATIONAL RELATIONS,Degree,MOUNT KENYA UNIVERSITY,23.908,26.341,30.052,31.776
BACHELOR OF ARTS IN INTERNATIONAL RELATIONS,Degree,DAYSTAR UNIVERSITY,,22.449,27.41,32.036
BACHELOR OF ARTS IN INTERNATIONAL RELATIONS AND DIPLOMACY,Degree,ZETECH UNIVERSITY,,22.449,22.916,25.572
BACHELOR OF ARTS IN INTERNATIONAL STUDIES,Degree,UNIVERSITY OF NAIROBI,33.02,32.167,34.361,32.218
BACHELOR OF SCIENCE IN ENTREPRENEURSHIP,Degree,CO-OPERATIVE UNIVERSITY OF KENYA,,21.375,21.444,22.544
BACHELOR OF ENTREPRENEURSHIP AND SMALL BUSINESS MANAGEMENT,Degree,EGERTON UNIVERSITY,,21.375,21.444,22.544
BACHELOR OF ENTREPRENEURSHIP AND ENTERPRISE MANAGEMENT,Degree,THARAKA UNIVERSITY,,21.375,21.444,22.544
BACHELOR OF ENTREPRENEURSHIP,Degree,JOMO KENYATTA UNIVERSITY OF AGRICULTURE AND TECHNOLOGY,,21.375,21.444,22.544
BACHELOR OF SCIENCE (ENTREPRENEURSHIP AND SMALL ENTERPRISES MANAGEMENT),Degree,MURANG'A UNIVERSITY OF TECHNOLOGY,,21.375,21.444,22.544
BACHELOR OF ENTREPRENUERSHIP & SMALL BUSINESS MANAGEMENT,Degree,EGERTON UNIVERSITY,,21.375,,
BACHELOR OF SCIENCE (ENTREPRENEURSHIP),Degree,KIRINYAGA UNIVERSITY,,21.375,,
BACHELOR OF ENTREPRENUERSHIP AND ENTERPRISE MANAGEMENT,Degree,CHUKA UNIVERSITY,,21.375,21.444,22.544
BACHELOR OF ENTREPRENUERSHIP AND MANAGEMENT,Degree,KISII UNIVERSITY,,21.375,21.444,22.544
BACHELOR OF SCIENCE (ENTREPRENEURSHIP STUDIES),Degree,BOMET UNIVERSITY COLLEGE,,21.375,21.444,22.544
BACHELOR OF SCIENCE (ENTREPRENEURSHIP STUDIES),Degree,MOI UNIVERSITY,,21.375,21.444,22.544
BACHELOR OF SCIENCE IN ENTREPRENEURSHIP,Degree,MAASAI MARA UNIVERSITY,,21.375,21.444,22.544
BACHELOR OF SCIENCE IN ENTREPRENEURSHIP,Degree,AFRICA INTERNATIONAL UNIVERSITY,,21.375,21.444,22.544
"BACHELOR OF BUSINESS ENTREPRENEURSHIP , WITH IT",Degree,MASENO UNIVERSITY,,21.375,21.444,22.544
BACHELOR OF BUSINESS AND ENTREPRENEURSHIP,Degree,OPEN UNIVERSITY OF KENYA,,21.375,,
BACHELOR OF SCIENCE (ENTREPRENEURSHIP),Degree,UNIVERSITY OF ELDORET,,21.375,21.444,22.544
BACHELOR OF BUSINESS MANAGEMENT AND INFORMATION TECHNOLOGY,Degree,KABARAK UNIVERSITY,,21.375,21.444,22.544
BACHELOR OF ARTS (GENDER AND DEVELOPMENT STUDIES),Degree,KISII UNIVERSITY,,22.449,22.916,22.926
BACHELOR OF ARTS (GENDER AND DEVELOPMENT STUDIES),Degree,UNIVERSITY OF NAIROBI,,22.449,24.746,
BACHELOR OF ARTS (GENDER AND DEVELOPMENT STUDIES),Degree,KENYATTA UNIVERSITY,,22.449,24.943,22.926
BACHELOR OF ARTS (GENDER AND DEVELOPMENT),Degree,MACHAKOS UNIVERSITY,,22.449,22.916,
BACHELOR OF ARTS (GENDER AND SOCIAL STUDIES),Degree,SOUTH EASTERN KENYA UNIVERSITY,,22.449,22.916,22.926
BACHELOR OF ARTS IN DEVELOPMENT STUDIES,Degree,KISII UNIVERSITY,,22.449,22.916,22.926
BACHELOR OF ARTS IN DEVELOPMENT STUDIES,Degree,MANAGEMENT UNIVERSITY OF AFRICA,,22.449,22.916,22.926
BACHELOR OF DEVELOPMENT STUDIES,Degree,CO-OPERATIVE UNIVERSITY OF KENYA,23.347,,,
BACHELOR OF ARTS IN DEVELOPMENT STUDIES,Degree,TECHNICAL UNIVERSITY OF MOMBASA,,22.449,22.916,22.926
"BACHELOR OF ARTS (DEVELOPMENT STUDIES, WITH IT)",Degree,TOM MBOYA UNIVERSITY,,22.449,22.916,22.926
"BACHELOR OF ARTS (DEVELOPMENT STUDIES, WITH IT)",Degree,MASENO UNIVERSITY,,22.449,22.916,22.926
BACHELOR OF DEVELOPMENT STUDIES,Degree,TURKANA UNIVERSITY COLLEGE,,22.449,22.916,22.926
BACHELOR OF DEVELOPMENT STUDIES,Degree,MOUNT KENYA UNIVERSITY,,22.449,22.916,22.926
BACHELOR OF DEVELOPMENT STUDIES,Degree,JOMO KENYATTA UNIVERSITY OF AGRICULTURE AND TECHNOLOGY,23.896,22.449,27.072,24.756
BACHELOR OF ARTS IN DEVELOPMENT STUDIES,Degree,CATHOLIC UNIVERSITY OF EASTERN AFRICA,,22.449,22.916,22.926
BACHELOR OF ARTS IN DEVELOPMENT STUDIES,Degree,"UNIVERSITY OF EASTERN AFRICA, BARATON",,22.449,22.916,22.926
BACHELOR OF ARTS IN DEVELOPMENT STUDIES,Degree,AFRICA INTERNATIONAL UNIVERSITY,,22.449,22.916,22.926
BACHELOR OF DEVELOPMENT STUDIES WITH IT,Degree,MURANG'A UNIVERSITY OF TECHNOLOGY,,22.449,22.916,22.926
BACHELOR OF SCIENCE (MATHEMATICS AND COMPUTER SCIENCE),Degree,TAITA TAVETA UNIVERSITY,,18.814,18.638,19.223
BACHELOR OF SCIENCE (MATHEMATICS AND COMPUTER SCIENCE),Degree,KIRINYAGA UNIVERSITY,,18.814,18.638,19.223
BACHELOR OF SCIENCE IN MATHEMATICS & COMPUTER SCIENCE,Degree,TECHNICAL UNIVERSITY OF MOMBASA,,18.814,18.638,27.989
BACHELOR OF SCIENCE IN MATHEMATICS AND COMPUTER SCIENCE,Degree,KENYA METHODIST UNIVERSITY,,,18.638,19.223
BACHELOR OF SCIENCE (MATHEMATICS & COMPUTER SCIENCE),Degree,TOM MBOYA UNIVERSITY,,18.814,18.638,19.223
BACHELOR OF SCIENCE (MATHEMATICS & COMPUTER SCIENCE),Degree,MERU UNIVERSITY OF SCIENCE AND TECHNOLOGY,,18.814,18.638,19.223
BACHELOR OF SCIENCE (MATHEMATICS & COMPUTER SCIENCE),Degree,MASENO UNIVERSITY,,24.314,18.638,19.223
BACHELOR OF SCIENCE (MATHEMATICS & COMPUTER SCIENCE),Degree,KENYATTA UNIVERSITY,30.18,35.087,35.002,35.093
BACHELOR OF SCIENCE IN COMPUTER SCIENCE AND MATHEMATICS,Degree,ZETECH UNIVERSITY,,18.814,18.638,19.223
BACHELOR OF SCIENCE MATHEMATICS AND COMPUTER SCIENCE,Degree,MACHAKOS UNIVERSITY,,18.814,18.638,19.223
BACHELOR OF SCIENCE IN MATHEMATICS AND COMPUTER SCIENCE,Degree,JOMO KENYATTA UNIVERSITY OF AGRICULTURE AND TECHNOLOGY,34.761,36.724,36.477,36.454
BACHELOR OF SCIENCE IN MATHEMATICS AND COMPUTER SCIENCE,Degree,MULTIMEDIA UNIVERSITY OF KENYA,24.389,28.885,28.053,27.388
BACHELOR OF SCIENCE (MATHEMATICS AND COMPUTER SCIENCE),Degree,KENYATTA UNIVERSITY - MAMA NGINA UNIVERSITY COLLEGE,,18.814,18.638,19.223
BACHELOR OF SCIENCE (MATHEMATICS AND COMPUTER SCIENCE),Degree,MURANG'A UNIVERSITY OF TECHNOLOGY,,18.814,18.638,19.223
BACHELOR OF EDUCATION (PHYSICAL EDUCATION),Degree,MASINDE MULIRO UNIVERSITY OF SCIENCE & TECHNOLOGY,,21.858,22.358,22.636
BACHELOR OF EDUCATION IN PHYSICAL EDUCATION AND RECREATION,Degree,UNIVERSITY OF ELDORET,,21.858,22.358,22.636
BACHELOR OF EDUCATION (PHYSICAL EDUCATION),Degree,KENYATTA UNIVERSITY,,21.858,22.358,22.636
BACHELOR OF ARTS (KISWAHILI),Degree,RONGO UNIVERSITY,,24.855,25.083,22.926
BACHELOR OF ARTS IN KISWAHILI,Degree,KISII UNIVERSITY,23.482,22.449,22.916,22.926
BACHELOR OF ARTS (KISWAHILI),Degree,BOMET UNIVERSITY COLLEGE,,22.449,22.916,22.926
BACHELOR OF ARTS (KISWAHILI),Degree,MOI UNIVERSITY,,24.173,26.059,22.926
BACHELOR OF ARTS (KISWAHILI),Degree,PWANI UNIVERSITY,,22.449,22.916,22.926
"BACHELOR OF ARTS (KISWAHILI, WITH IT)",Degree,MASENO UNIVERSITY,23.587,24.722,27.027,22.926
BACHELOR OF PROJECT PLANNING AND MANAGEMENT,Degree,RONGO UNIVERSITY,,21.375,22.895,22.544
BACHELOR OF PROJECT MANAGEMENT,Degree,KISII UNIVERSITY,22.206,21.375,21.444,22.544
BACHELOR OF PROJECT PLANNING AND MANAGEMENT,Degree,KOITALEEL SAMOEI UNIVERSITY COLLEGE,,21.375,21.444,
BACHELOR OF PROJECT PLANNING AND MANAGEMENT,Degree,UNIVERSITY OF NAIROBI,26.752,30.644,32.159,31.21
BACHELOR OF PROJECT PLANNING AND MANAGEMENT,Degree,KARATINA UNIVERSITY,21.877,21.375,24.269,25.59
BACHELOR OF SCIENCE (PROJECT PLANNING MANAGEMENT),Degree,SOUTH EASTERN KENYA UNIVERSITY,,25.695,25.537,24.546
BACHELOR OF SCIENCE (PROJECT PLANNING MANAGEMENT),Degree,UNIVERSITY OF ELDORET,25.208,21.375,25.743,23.66
BACHELOR OF SCIENCE (PROJECT PLANNING AND MANAGEMENT),Degree,BOMET UNIVERSITY COLLEGE,,21.375,21.444,22.544
BACHELOR OF SCIENCE (PROJECT PLANNING AND MANAGEMENT),Degree,MOI UNIVERSITY,,22.69,27.879,27.454
BACHELOR OF SCIENCE (PROJECT PLANNING AND MANAGEMENT),Degree,MAASAI MARA UNIVERSITY,,21.375,23.222,23.606
BACHELOR OF PROJECT MANAGEMENT,Degree,JOMO KENYATTA UNIVERSITY OF AGRICULTURE AND TECHNOLOGY,28.434,28.76,29.762,28.99
BACHELOR OF ARTS (COUNSELLING PSYCHOLOGY),Degree,AFRICA NAZARENE UNIVERSITY,,22.449,22.916,28.826
BACHELOR OF ARTS IN COUNSELING PSYCHOLOGY,Degree,KCA UNIVERSITY,,22.449,22.916,23.863
BACHELOR OF ARTS IN COUNSELING PSYCHOLOGY,Degree,SCOTT CHRISTIAN UNIVERSITY,,22.449,22.916,22.926
BACHELOR OF ARTS IN COUNSELING PSYCHOLOGY,Degree,KISII UNIVERSITY,,22.449,22.916,22.926
BACHELOR OF ARTS IN COUNSELING PSYCHOLOGY,Degree,PAN AFRICA CHRISTIAN UNIVERSITY,,22.449,,
BACHELOR OF ARTS IN COUNSELLING PSYCHOLOGY,Degree,TECHNICAL UNIVERSITY OF MOMBASA,23.47,22.449,26.516,22.926
BACHELOR OF ARTS IN COUNSELING,Degree,KENYA METHODIST UNIVERSITY,,22.449,22.916,22.926
BACHELOR OF ARTS IN COUNSELLING PSYCHOLOGY,Degree,INTERNATIONAL LEADERSHIP UNIVERSITY,,22.449,22.916,22.926
BACHELOR OF SCIENCE (COUNSELLING PSYCHOLOGY),Degree,BOMET UNIVERSITY COLLEGE,,22.449,22.916,22.926
BACHELOR OF SCIENCE (COUNSELLING PSYCHOLOGY),Degree,MOI UNIVERSITY,,24.041,28.369,25.052
BACHELOR OF SCIENCE (COUNSELLING PSYCHOLOGY),Degree,TECHNICAL UNIVERSITY OF KENYA,30.508,31.022,33.977,32.47
BACHELOR OF ARTS IN COUNSELING PSYCHOLOGY,Degree,CATHOLIC UNIVERSITY OF EASTERN AFRICA,,22.449,22.916,22.926
BACHELOR OF ARTS IN COUNSELING PSYCHOLOGY,Degree,TANGAZA UNIVERSITY,,22.449,22.916,22.926
BACHELOR OF ARTS IN COUNSELING PSYCHOLOGY,Degree,AFRICA INTERNATIONAL UNIVERSITY,,22.449,22.916,22.926
BACHELOR OF ARTS IN COUNSELING PSYCHOLOGY,Degree,ST PAULS UNIVERSITY,,22.449,22.916,22.926
BACHELOR OF ARTS (COUNSELLING PSYCHOLOGY),Degree,ALUPE UNIVERSITY,,22.449,25.135,22.926
BACHELOR OF ARTS (COUNSELLING PSYCHOLOGY),Degree,MACHAKOS UNIVERSITY,24.091,24.615,27.279,
BACHELOR OF ARTS IN PSYCHOLOGY,Degree,DAYSTAR UNIVERSITY,,22.449,22.916,26.462
BACHELOR OF ARTS (COUNSELLING),Degree,KENYATTA UNIVERSITY - MAMA NGINA UNIVERSITY COLLEGE,,24.094,24.659,
BACHELOR OF ARTS (HISTORY & ECONOMICS),Degree,EGERTON UNIVERSITY,,18.831,19.914,20.1
BACHELOR OF ARTS IN HISTORY AND ECONOMICS,Degree,CHUKA UNIVERSITY,,18.831,19.914,20.1
BACHELOR OF SCIENCE (DAIRY TECHNOLOGY & MANAGEMENT),Degree,EGERTON UNIVERSITY,,15.864,17.043,17.459
BACHELOR OF SCIENCE (AGRICULTURE & HUMAN ECOLOGY EXTENSION),Degree,EGERTON UNIVERSITY,23.342,15.864,25.432,17.459
BACHELOR OF SCIENCE (APPLIED AQUATIC SCIENCE),Degree,KISII UNIVERSITY,,15.864,17.043,17.459
BACHELOR OF SCIENCE (APPLIED AQUATIC SCIENCE),Degree,EGERTON UNIVERSITY,,15.864,17.043,17.459
BACHELOR OF SCIENCE (NATURAL RESOURCES MANAGEMENT),Degree,CHUKA UNIVERSITY,,15.864,17.043,17.459
BACHELOR OF SCIENCE (NATURAL RESOURCES MANAGEMENT),Degree,MASINDE MULIRO UNIVERSITY OF SCIENCE & TECHNOLOGY,,15.864,17.043,17.459
BACHELOR OF SCIENCE (NATURAL RESOURCES MANAGEMENT),Degree,EGERTON UNIVERSITY,,15.864,17.043,17.459
BACHELOR OF SCIENCE IN NATURAL RESOURCE MANAGEMENT,Degree,KISII UNIVERSITY,,15.864,17.043,17.459
BACHELOR OF SCIENCE (NATURAL RESOURCE MANAGEMENT),Degree,UNIVERSITY OF ELDORET,,15.864,17.043,17.459
BACHELOR OF SCIENCE IN NATURAL RESOURCE MANAGEMENT,Degree,TURKANA UNIVERSITY COLLEGE,,15.864,17.043,
BACHELOR OF SCIENCE (MINING AND MINERAL PROCESSING ENGINEERING),Degree,TAITA TAVETA UNIVERSITY,,15.683,15.982,16.787
BACHELOR OF SCIENCE (MINING AND MINERAL PROCESSING ENGINEERING),Degree,JOMO KENYATTA UNIVERSITY OF AGRICULTURE AND TECHNOLOGY,,15.683,15.982,16.787
BACHELOR OF SCIENCE (FINANCIAL ENGINEERING),Degree,KIRINYAGA UNIVERSITY,,18.831,19.914,20.1
BACHELOR OF SCIENCE (FINANCIAL ENGINEERING),Degree,JOMO KENYATTA UNIVERSITY OF AGRICULTURE AND TECHNOLOGY,32.589,32.04,30.296,36.671
BACHELOR OF SCIENCE (PHYSICS WITH APPROPRIATE TECHNOLOGY),Degree,MASINDE MULIRO UNIVERSITY OF SCIENCE & TECHNOLOGY,,15.683,16.974,17.459
BACHELOR OF SCIENCE (PHYSICS WITH APPROPRIATE TECHNOLOGY),Degree,KAIMOSI FRIENDS UNIVERSITY,,15.683,16.974,17.459
BACHELOR OF SCIENCE (PHYSICS),Degree,RONGO UNIVERSITY,,15.683,16.974,17.459
BACHELOR OF SCIENCE IN PHYSICS,Degree,CHUKA UNIVERSITY,,15.683,22.827,17.459
"BACHELOR OF SCIENCE (PHYSICS, WITH IT)",Degree,TOM MBOYA UNIVERSITY,,15.683,16.974,17.459
"BACHELOR OF SCIENCE (PHYSICS, WITH IT)",Degree,MASENO UNIVERSITY,,15.683,22.631,17.459
BACHELOR OF SCIENCE (PHYSICS),Degree,CATHOLIC UNIVERSITY OF EASTERN AFRICA,,15.683,16.974,17.459
BACHELOR OF SCIENCE (PHYSICS),Degree,MAASAI MARA UNIVERSITY,,15.683,16.974,17.459
BACHELOR OF SCIENCE (PHYSICS),Degree,PWANI UNIVERSITY,,15.683,16.974,17.459
BACHELOR OF SCIENCE (PHYSICS),Degree,KIBABII UNIVERSITY,,15.683,16.974,17.459
BACHELOR OF SCIENCE IN PHYSICS,Degree,MERU UNIVERSITY OF SCIENCE AND TECHNOLOGY,,15.683,16.974,17.459
BACHELOR OF SCIENCE (SUGAR AND AGRO PROCESSING TECHNOLOGY),Degree,MASINDE MULIRO UNIVERSITY OF SCIENCE & TECHNOLOGY,,15.864,17.043,17.459
BACHELOR OF SCIENCE (EMERGENCY MANAGEMENT & HUMANITARIAN ASSISTANCE),Degree,MASINDE MULIRO UNIVERSITY OF SCIENCE & TECHNOLOGY,,22.449,22.916,22.926
BACHELOR OF ARTS (COMMUNICATION AND MEDIA),Degree,KISII UNIVERSITY,27.868,24.677,30.229,28.122
BACHELOR OF ARTS (COMMUNICATION AND MEDIA),Degree,EGERTON UNIVERSITY,30.162,28.757,32.431,30.641
"BACHELOR OF ARTS (COMMUNICATION & MEDIA TECHNOLOGY, WITH IT)",Degree,MASENO UNIVERSITY,28.67,26.826,31.315,29.35
BACHELOR OF ARTS (COMMUNICATION AND MEDIA),Degree,LAIKIPIA UNIVERSITY,23.827,23.924,27.845,25.99
BACHELOR OF SCIENCE (APPLIED COMPUTER SCIENCE),Degree,CHUKA UNIVERSITY,25.877,25.991,26.345,25.35
BACHELOR OF SCIENCE IN APPLIED COMPUTER SCIENCE,Degree,KISII UNIVERSITY,,27.312,28.435,19.223
BACHELOR OF SCIENCE IN APPLIED COMPUTER SCIENCE,Degree,EGERTON UNIVERSITY,31.018,24.666,24.203,19.223
BACHELOR OF SCIENCE IN APPLIED COMPUTING,Degree,KCA UNIVERSITY,,18.814,18.638,19.223
BACHELOR OF SCIENCE IN APPLIED COMPUTER SCIENCE,Degree,DAYSTAR UNIVERSITY,,18.814,18.638,26.253
BACHELOR OF ARTS IN PHILOSOPHY,Degree,CHUKA UNIVERSITY,,22.449,22.916,22.926
BACHELOR OF ARTS IN PHILOSOPHY,Degree,CATHOLIC UNIVERSITY OF EASTERN AFRICA,,22.449,22.916,22.926
BACHELOR OF ARTS IN PHILOSOPHY,Degree,MAASAI MARA UNIVERSITY,,,22.916,22.926
BACHELOR OF ARTS IN PHILOSOPHY WITH A FOCUS ON PEACE AND SECURITY,Degree,TANGAZA UNIVERSITY,,22.449,22.916,
BACHELOR OF SCIENCE (HUMAN NUTRITION AND DIETETICS),Degree,MASINDE MULIRO UNIVERSITY OF SCIENCE & TECHNOLOGY,,15.864,24.427,17.459
BACHELOR OF SCIENCE (HUMAN NUTRITION AND DIETETICS),Degree,KENYA METHODIST UNIVERSITY,,15.864,17.043,17.459
BACHELOR OF SCIENCE IN HUMAN NUTRITION AND DIETETICS,Degree,CHUKA UNIVERSITY,,15.864,23.318,17.459
BACHELOR OF SCIENCE IN HUMAN NUTRITION AND DIETETICS,Degree,KABARAK UNIVERSITY,,15.864,17.043,17.459
BACHELOR OF SCIENCE (HUMAN NUTRITION AND DIETETICS),Degree,MERU UNIVERSITY OF SCIENCE AND TECHNOLOGY,,15.864,,17.459
BACHELOR OF SCIENCE IN HUMAN NUTRITION AND DIETETICS,Degree,JOMO KENYATTA UNIVERSITY OF AGRICULTURE AND TECHNOLOGY,29.165,28.234,33.006,32.078
BACHELOR OF SCIENCE IN HUMAN NUTRITION AND DIETETICS,Degree,KARATINA UNIVERSITY,,15.864,17.043,17.459
BACHELOR OF SCIENCE (MATHEMATICS WITH IT),Degree,MASINDE MULIRO UNIVERSITY OF SCIENCE & TECHNOLOGY,,18.831,19.914,27.387
BACHELOR OF SCIENCE IN DATA SCIENCE AND ANALYTICS,Degree,KABARAK UNIVERSITY,28.848,,,
BACHELOR OF SCIENCE IN DATA SCIENCE,Degree,KCA UNIVERSITY,31.116,28.508,,
BACHELOR OF SCIENCE IN DATA SCIENCE,Degree,CO-OPERATIVE UNIVERSITY OF KENYA,35.322,34.371,28.948,28.161
BACHELOR OF SCIENCE DATA SCIENCE,Degree,UNIVERSITY OF NAIROBI,35.848,,,
BACHELOR OF SCIENCE DATA SCIENCE,Degree,MERU UNIVERSITY OF SCIENCE AND TECHNOLOGY,32.053,30.696,19.914,25.611
BACHELOR OF SCIENCE IN DATA SCIENCE AND ANALYTICS,Degree,JOMO KENYATTA UNIVERSITY OF AGRICULTURE AND TECHNOLOGY,39.111,38.717,36.902,35.222
BACHELOR OF SCIENCE (MATHEMATICS WITH IT),Degree,KAIMOSI FRIENDS UNIVERSITY,,18.831,19.914,20.1
BACHELOR OF DATA SCIENCE,Degree,OPEN UNIVERSITY OF KENYA,,18.831,,
BACHELOR OF SCIENCE (AGRICULTURAL EXTENSION EDUCATION),Degree,JARAMOGI OGINGA ODINGA UNIVERSITY OF SCIENCE AND TECHNOLOGY,26.758,23.293,17.043,24.559
BACHELOR OF SCIENCE IN AGRICULTURE EDUCATION & EXTENSION,Degree,TAITA TAVETA UNIVERSITY,22.805,21.858,17.043,17.459
BACHELOR OF SCIENCE IN AGRICULTURAL EDUCATION & EXTENSION,Degree,MACHAKOS UNIVERSITY,27.103,,,
BACHELOR OF SCIENCE AGRICULTURAL EXTENSION AND EDUCATION,Degree,BOMET UNIVERSITY COLLEGE,26.576,23.5,23.984,17.459
BACHELOR OF SCIENCE AGRICULTURAL EXTENSION AND EDUCATION,Degree,MERU UNIVERSITY OF SCIENCE AND TECHNOLOGY,26.582,23.133,26.202,24.811
BACHELOR OF SCIENCE (AGRICULTURAL EXTENSION EDUCATION),Degree,MOI UNIVERSITY,22.994,26.472,25.146,28.07
BACHELOR OF SCIENCE (AGRICULTURAL EXTENSION EDUCATION),Degree,UNIVERSITY OF ELDORET,30.023,29.726,31.155,28.829
BACHELOR OF SCIENCE IN AGRICULTURAL EXTENSION EDUCATION,Degree,KARATINA UNIVERSITY,24.499,21.858,17.043,17.459
BACHELOR OF AGRICULTURAL EDUCATION AND EXTENSION,Degree,KABARAK UNIVERSITY,,21.858,17.043,17.459
BACHELOR OF SCIENCE (AGRICULTURAL EDUCATION & EXTENSION),Degree,EGERTON UNIVERSITY,31.387,31.668,32.271,30.468
BACHELOR OF SCIENCE (AGRICULTURAL EDUCATION AND EXTENSION),Degree,CHUKA UNIVERSITY,30.186,23.619,29.752,29.429
BACHELOR OF SCIENCE (AGRICULTURAL EDUCATION AND EXTENSION),Degree,UNIVERSITY OF EMBU,27.666,21.858,17.043,17.459
BACHELOR OF SCIENCE (AGRICULTURAL EXTENSION AND EDUCATION),Degree,RONGO UNIVERSITY,27.642,24.326,22.531,17.459
BACHELOR OF SCIENCE (AGRICULTURE EDUCATION & EXTENSION),Degree,MASINDE MULIRO UNIVERSITY OF SCIENCE & TECHNOLOGY,29.932,23.795,28.269,29.678
BACHELOR OF SCIENCE IN AGRICULTURAL EDUCATION & EXTENSION,Degree,KISII UNIVERSITY,30.042,23.556,25.479,25.981
BACHELOR OF SCIENCE IN AGRICULTURAL EDUCATION & EXTENSION,Degree,MURANG'A UNIVERSITY OF TECHNOLOGY,22.249,21.858,17.043,17.459
BACHELOR OF SCIENCE IN AGRICULTURAL EDUCATION & EXTENSION,Degree,SOUTH EASTERN KENYA UNIVERSITY,23.016,21.858,23.433,17.459
"BACHELOR OF SCIENCE (AGRICULTURE EDUCATION AND EXTENSION, WITH IT)",Degree,TOM MBOYA UNIVERSITY,24.572,21.858,17.043,17.459
"BACHELOR OF SCIENCE (AGRICULTURE EDUCATION AND EXTENSION, WITH IT)",Degree,MASENO UNIVERSITY,30.637,24.692,29.781,29.557
BACHELOR OF SCIENCE (AGRICULTURE EDUCATION & EXTENSION),Degree,THARAKA UNIVERSITY,22.62,21.858,17.043,17.459
BACHELOR OF SCIENCE (AGRICULTURAL EDUCATION AND EXTENSION),Degree,UNIVERSITY OF NAIROBI,31.596,26.761,28.915,31.833
BACHELOR OF SCIENCE (AGRICULTURAL EDUCATION & EXTENSION),Degree,KENYATTA UNIVERSITY,30.997,27.979,30.714,30.962
BACHELOR OF SCIENCE (AGRICULTURAL EDUCATION & EXTENSION),Degree,KIBABII UNIVERSITY,28.74,23.641,27.661,26.457
BACHELOR OF SCIENCE (AGRICULTURE EDUCATION AND EXTENSION),Degree,TURKANA UNIVERSITY COLLEGE,22.202,21.858,17.043,17.459
BACHELOR OF SCIENCE (AGRICULTURE EDUCATION AND EXTENSION),Degree,PWANI UNIVERSITY,22.597,21.858,24.25,17.459
BACHELOR OF AGRICULTURAL EDUCATION & EXTENSION,Degree,LAIKIPIA UNIVERSITY,24.695,21.858,17.043,17.459
BACHELOR OF SCIENCE (INTEGRATED FOREST RESOURCES MANAGEMENT),Degree,EGERTON UNIVERSITY,,15.864,17.043,17.459
BACHELOR OF SCIENCE (COMMUNITY HEALTH & DEVELOPMENT),Degree,MASINDE MULIRO UNIVERSITY OF SCIENCE & TECHNOLOGY,25.229,26.463,24.088,17.459
BACHELOR OF SCIENCE (COMMUNITY HEALTH & DEVELOPMENT),Degree,KIRINYAGA UNIVERSITY,,15.864,17.043,17.459
BACHELOR OF SCIENCE (COMMUNITY HEALTH AND DEVELOPMENT),Degree,JARAMOGI OGINGA ODINGA UNIVERSITY OF SCIENCE AND TECHNOLOGY,,15.864,17.043,17.459
BACHELOR OF SCIENCE IN COMMUNITY HEALTH,Degree,KENYA METHODIST UNIVERSITY,,15.864,17.043,17.459
BACHELOR OF SCIENCE IN COMMUNITY HEALTH,Degree,TECHNICAL UNIVERSITY OF MOMBASA,,24.706,17.043,17.459
BACHELOR OF SCIENCE IN COMMUNITY HEALTH AND DEVELOPMENT,Degree,UNIVERSITY OF EMBU,,25.523,25.02,17.459
BACHELOR OF SCIENCE IN COMMUNITY HEALTH AND DEVELOPMENT,Degree,KISII UNIVERSITY,,24.064,25.528,17.459
BACHELOR OF SCIENCE IN COMMUNITY HEALTH PRACTICE,Degree,AMREF INTERNATIONAL UNIVERSITY,,15.864,17.043,17.459
BACHELOR OF SCIENCE IN COMMUNITY HEALTH,Degree,MURANG'A UNIVERSITY OF TECHNOLOGY,,24.02,17.043,17.459
BACHELOR OF SCIENCE IN COMMUNITY HEALTH,Degree,GREAT LAKES UNIVERSITY OF KISUMU,,15.864,17.043,17.459
BACHELOR OF SCIENCE IN COMMUNITY HEALTH,Degree,KENYATTA UNIVERSITY,22.35,29.458,29.513,29.378
BACHELOR OF SCIENCE IN COMMUNITY HEALTH AND DEVELOPMENT,Degree,TURKANA UNIVERSITY COLLEGE,,15.864,17.043,17.459
BACHELOR OF SCIENCE IN COMMUNITY HEALTH AND DEVELOPMENT,Degree,CATHOLIC UNIVERSITY OF EASTERN AFRICA,,,17.043,17.459
BACHELOR OF SCIENCE IN COMMUNITY HEALTH AND DEVELOPMENT,Degree,MOUNT KENYA UNIVERSITY,,15.864,17.043,26.968
BACHELOR OF SCIENCE IN COMMUNITY HEALTH AND DEVELOPMENT,Degree,JOMO KENYATTA UNIVERSITY OF AGRICULTURE AND TECHNOLOGY,23.372,24.867,25.776,26.749
BACHELOR OF SCIENCE (COMMUNITY HEALTH & DEVELOPMENT),Degree,MERU UNIVERSITY OF SCIENCE AND TECHNOLOGY,,15.864,24.213,17.459
BACHELOR OF SCIENCE (INFORMATICS),Degree,RONGO UNIVERSITY,,18.814,18.638,19.223
BACHELOR OF SCIENCE (INFORMATICS),Degree,MOI UNIVERSITY,,18.814,18.638,19.223
BACHELOR OF SCIENCE IN INFORMATICS,Degree,UNIVERSITY OF ELDORET,,18.814,18.638,19.223
BACHELOR OF SCIENCE IN MOLECULAR BIOLOGY AND FORENSIC TECHNOLOGY,Degree,TECHNICAL UNIVERSITY OF MOMBASA,,,,17.459
BACHELOR OF EDUCATION (ICT),Degree,RONGO UNIVERSITY,23.019,,,
BACHELOR OF EDUCATION TECHNOLOGY (COMPUTER STUDIES),Degree,MASINDE MULIRO UNIVERSITY OF SCIENCE & TECHNOLOGY,,15.683,15.982,16.787
BACHELOR OF EDUCATION TECHNOLOGY (COMPUTER STUDIES),Degree,TURKANA UNIVERSITY COLLEGE,,,,16.787
BACHELOR OF ARTS (RELIGIOUS STUDIES),Degree,KISII UNIVERSITY,,20.93,,
BACHELOR OF ARTS IN RELIGIOUS STUDIES,Degree,CHUKA UNIVERSITY,,20.93,19.67,19.956
BACHELOR OF ARTS (RELIGIOUS STUDIES),Degree,CATHOLIC UNIVERSITY OF EASTERN AFRICA,,20.93,19.67,19.956
BACHELOR OF ARTS (RELIGIOUS STUDIES),Degree,PWANI UNIVERSITY,,20.93,19.67,19.956
BACHELOR OF THEOLOGY,Degree,KENYA METHODIST UNIVERSITY,,20.93,19.67,19.956
BACHELOR OF THEOLOGY,Degree,KABARAK UNIVERSITY,,20.93,19.67,19.956
BACHELOR OF THEOLOGY IN PASTORAL STUDIES,Degree,SCOTT CHRISTIAN UNIVERSITY,,20.93,19.67,19.956
BACHELOR OF ARTS IN THEOLOGY,Degree,"UNIVERSITY OF EASTERN AFRICA, BARATON",,20.93,19.67,19.956
BACHELOR OF ARTS IN THEOLOGY,Degree,PWANI UNIVERSITY,,20.93,19.67,19.956
BACHELOR OF THEOLOGY,Degree,INTERNATIONAL LEADERSHIP UNIVERSITY,,20.93,19.67,19.956
BACHELOR OF THEOLOGY,Degree,PRESBYTERIAN UNIVERSITY OF EAST AFRICA,,20.93,19.67,19.956
BACHELOR OF DIVINITY,Degree,ST PAULS UNIVERSITY,,20.93,19.67,19.956
BACHELOR OF ARTS IN PASTORAL THEOLOGY,Degree,GREAT LAKES UNIVERSITY OF KISUMU,,20.93,19.67,19.956
BACHELOR OF ARTS IN PASTORAL THEOLOGY,Degree,KENYA HIGHLANDS EVANGELICAL UNIVERSITY,,20.93,19.67,19.956
BACHELOR OF BUSINESS LEADERSHIP,Degree,PAN AFRICA CHRISTIAN UNIVERSITY,,21.375,21.444,22.544
BACHELOR OF LEADERSHIP AND MANAGEMENT,Degree,SCOTT CHRISTIAN UNIVERSITY,,22.449,22.916,22.926
BACHELOR OF MANAGEMENT AND LEADERSHIP,Degree,MANAGEMENT UNIVERSITY OF AFRICA,,22.449,22.916,22.926
BACHELOR OF ARTS IN LEADERSHIP AND MANAGEMENT,Degree,TANGAZA UNIVERSITY,,22.449,22.916,22.926
BACHELOR OF ARTS IN LEADERSHIP AND MANAGEMENT,Degree,INTERNATIONAL LEADERSHIP UNIVERSITY,,22.449,22.916,22.926
BACHELOR OF ARTS IN LEADERSHIP AND MANAGEMENT,Degree,ST PAULS UNIVERSITY,,22.449,22.916,22.926
BACHELOR OF ARTS IN PHILOSOPHY AND LEADERSHIP STUDIES,Degree,PWANI UNIVERSITY,,22.449,22.916,
BACHELOR OF COMMUNICATION AND MEDIA STUDIES,Degree,RONGO UNIVERSITY,23.887,24.307,,
BACHELOR OF SCIENCE IN MEDIA AND DIGITAL COMMUNICATION,Degree,ZETECH UNIVERSITY,,22.449,22.916,24.368
BACHELOR OF COMMUNICATION AND MEDIA STUDIES,Degree,KENYATTA UNIVERSITY,31.668,29.649,34.635,34.049
BACHELOR OF SCIENCE (COMMUNICATION AND PUBLIC RELATIONS),Degree,RONGO UNIVERSITY,,22.449,22.916,22.926
BACHELOR OF ARTS IN PUBLIC RELATIONS AND ADVERTISING,Degree,CO-OPERATIVE UNIVERSITY OF KENYA,23.315,22.449,26.081,22.926
BACHELOR OF SCIENCE (COMMUNICATION AND PUBLIC RELATIONS),Degree,BOMET UNIVERSITY COLLEGE,,22.449,22.916,22.926
BACHELOR OF SCIENCE (COMMUNICATION AND PUBLIC RELATIONS),Degree,ALUPE UNIVERSITY,,22.449,22.916,22.926
BACHELOR OF SCIENCE (COMMUNICATION AND PUBLIC RELATIONS),Degree,MOI UNIVERSITY,,22.449,27.3,25.933
BACHELOR OF SCIENCE (COMMUNICATION AND PUBLIC RELATIONS),Degree,UNIVERSITY OF KABIANGA,,22.449,22.916,22.926
BACHELOR OF COMMUNICATION AND PUBLIC RELATIONS,Degree,KARATINA UNIVERSITY,,22.449,22.916,22.926
BACHELOR OF SCIENCE (BOTANY),Degree,RONGO UNIVERSITY,,15.683,16.974,17.459
BACHELOR OF SCIENCE (BOTANY),Degree,JOMO KENYATTA UNIVERSITY OF AGRICULTURE AND TECHNOLOGY,,15.683,16.974,17.459
BACHELOR OF SCIENCE (PARAMEDIC SCIENCE),Degree,MASINDE MULIRO UNIVERSITY OF SCIENCE & TECHNOLOGY,33.091,31.338,34.755,32.729
BACHELOR OF SCIENCE (ZOOLOGY),Degree,RONGO UNIVERSITY,,15.683,16.974,17.459
BACHELOR OF SCIENCE (ZOOLOGY),Degree,JOMO KENYATTA UNIVERSITY OF AGRICULTURE AND TECHNOLOGY,,15.683,16.974,17.459
BACHELOR OF SCIENCE (ZOOLOGY),Degree,MAASAI MARA UNIVERSITY,,15.683,16.974,17.459
BACHELOR OF SCIENCE (PHYSIOTHERAPY),Degree,MASINDE MULIRO UNIVERSITY OF SCIENCE & TECHNOLOGY,35.383,32.168,35.876,35.834
BACHELOR OF SCIENCE (PHYSIOTHERAPY),Degree,AMREF INTERNATIONAL UNIVERSITY,27.517,26.188,31.865,34.57
BACHELOR OF SCIENCE (PHYSIOTHERAPY),Degree,JOMO KENYATTA UNIVERSITY OF AGRICULTURE AND TECHNOLOGY,38.322,38.224,38.116,38.108
BACHELOR OF SCIENCE (PHYSIOTHERAPY),Degree,GREAT LAKES UNIVERSITY OF KISUMU,,15.864,,
BACHELOR OF SCIENCE (APPLIED BIOLOGY),Degree,KENYA METHODIST UNIVERSITY,,,,17.459
BACHELOR OF SCIENCE (APPLIED BIOLOGY),Degree,JOMO KENYATTA UNIVERSITY OF AGRICULTURE AND TECHNOLOGY,,15.683,16.974,
BACHELOR OF SCIENCE (SOIL SCIENCE),Degree,JARAMOGI OGINGA ODINGA UNIVERSITY OF SCIENCE AND TECHNOLOGY,,15.864,17.043,17.459
BACHELOR OF SCIENCE(FOOD SECURITY),Degree,JARAMOGI OGINGA ODINGA UNIVERSITY OF SCIENCE AND TECHNOLOGY,,15.864,17.043,17.459
BACHELOR OF ARTS(SPATIAL PLANNING),Degree,JARAMOGI OGINGA ODINGA UNIVERSITY OF SCIENCE AND TECHNOLOGY,,18.392,18.692,19.039
BACHELOR OF SCIENCE (SPATIAL PLANNING,Degree,KENYATTA UNIVERSITY,,24.04,18.692,26.186
BACHELOR OF SCIENCE (WATER RESOURCE MANAGEMENT),Degree,UNIVERSITY OF EMBU,,15.864,17.043,17.459
BACHELOR OF SCIENCE (WATER RESOURCE MANAGEMENT),Degree,UNIVERSITY OF ELDORET,,15.864,17.043,17.459
"BACHELOR OF SCIENCE (GRAPHIC, COMMUNICATION AND ADVERTISING)",Degree,RONGO UNIVERSITY,,22.449,26.681,22.926
BACHELOR OF CO-OPERATIVE MANAGEMENT,Degree,CHUKA UNIVERSITY,,21.375,21.444,22.544
BACHELOR OF CO-OPERATIVE MANAGEMENT,Degree,KISII UNIVERSITY,,21.375,21.444,22.544
BACHELOR OF CO-OPERATIVES AND COMMUNITY DEVELOPMENT,Degree,CO-OPERATIVE UNIVERSITY OF KENYA,,21.375,21.444,22.544
BACHELOR OF SCIENCE IN CO-OPERATIVE AND ENTREPRENEURSHIP MANAGEMENT,Degree,KIBABII UNIVERSITY,,21.375,21.444,22.544
BACHELOR OF SCIENCE (COMPUTER SECURITY AND FORENSICS),Degree,JARAMOGI OGINGA ODINGA UNIVERSITY OF SCIENCE AND TECHNOLOGY,,18.814,18.638,19.223
BACHELOR OF SCIENCE IN COMPUTER SECURITY AND FORENSICS,Degree,MASINDE MULIRO UNIVERSITY OF SCIENCE & TECHNOLOGY,23.042,,,
BACHELOR OF SCIENCE IN COMPUTER SECURITY AND FORENSICS,Degree,KABARAK UNIVERSITY,,18.814,18.638,19.223
BACHELOR OF SCIENCE IN INFORMATION SECURITY AND FORENSICS,Degree,KCA UNIVERSITY,,18.814,18.638,19.223
BACHELOR OF SCIENCE IN COMPUTER SECURITY AND FORENSICS,Degree,MURANG'A UNIVERSITY OF TECHNOLOGY,25.654,,,
BACHELOR OF SCIENCE IN COMPUTER SECURITY AND FORENSICS,Degree,MERU UNIVERSITY OF SCIENCE AND TECHNOLOGY,,18.814,18.638,19.223
BACHELOR OF SCIENCE (CLOUD COMPUTING AND INFORMATION SECURITY),Degree,MACHAKOS UNIVERSITY,24.42,25.586,18.638,19.223
BACHELOR OF SCIENCE IN CYBER SECURITY AND DIGITAL FORENSICS,Degree,OPEN UNIVERSITY OF KENYA,,18.814,,
BACHELOR OF SCIENCE (CHEMISTRY),Degree,MASINDE MULIRO UNIVERSITY OF SCIENCE & TECHNOLOGY,,15.683,16.974,17.459
BACHELOR OF SCIENCE (CHEMISTRY),Degree,RONGO UNIVERSITY,,15.683,16.974,17.459
BACHELOR OF SCIENCE IN CHEMISTRY,Degree,CHUKA UNIVERSITY,,15.683,16.974,17.459
BACHELOR OF SCIENCE IN CHEMISTRY,Degree,"UNIVERSITY OF EASTERN AFRICA, BARATON",,15.683,16.974,17.459
BACHELOR OF SCIENCE IN POLYMER CHEMISTRY,Degree,DEDAN KIMATHI UNIVERSITY OF TECHNOLOGY,,15.683,16.974,17.459
BACHELOR OF SCIENCE (CHEMISTRY),Degree,CATHOLIC UNIVERSITY OF EASTERN AFRICA,,15.683,16.974,17.459
BACHELOR OF SCIENCE (CHEMISTRY),Degree,KAIMOSI FRIENDS UNIVERSITY,,15.683,16.974,17.459
BACHELOR OF SCIENCE (CHEMISTRY),Degree,UNIVERSITY OF NAIROBI,,21.213,16.974,17.459
BACHELOR OF SCIENCE (CHEMISTRY),Degree,MAASAI MARA UNIVERSITY,,15.683,16.974,17.459
BACHELOR OF SCIENCE (CHEMISTRY),Degree,PWANI UNIVERSITY,,15.683,16.974,17.459
BACHELOR OF SCIENCE (CHEMISTRY),Degree,KIBABII UNIVERSITY,,15.683,16.974,17.459
BACHELOR OF SCIENCE IN FISHERIES AND AQUACULTURE,Degree,CHUKA UNIVERSITY,,15.864,17.043,17.459
BACHELOR OF SCIENCE IN AQUACULTURE TECHNOLOGY,Degree,JOMO KENYATTA UNIVERSITY OF AGRICULTURE AND TECHNOLOGY,,15.864,17.043,17.459
BACHELOR OF SCIENCE (AQUACULTURE AND FISHERIES TECHNOLOGY),Degree,SOUTH EASTERN KENYA UNIVERSITY,,15.864,17.043,17.459
BACHELOR OF SCIENCE IN AQUACULTURE AND FISHERIES MANAGEMENT,Degree,KARATINA UNIVERSITY,,15.864,17.043,17.459
BACHELOR OF SCIENCE IN FISHERIES AND AQUACULTURE,Degree,KISII UNIVERSITY,,15.864,17.043,17.459
BACHELOR OF SCIENCE IN FISHERIES AND AQUACULTURE TECHNOLOGY,Degree,MASINDE MULIRO UNIVERSITY OF SCIENCE & TECHNOLOGY,,15.864,17.043,17.459
BACHELOR OF SCIENCE IN FISHERIES AND AQUACULTURE,Degree,JOMO KENYATTA UNIVERSITY OF AGRICULTURE AND TECHNOLOGY,,15.864,17.043,17.459
BACHELOR OF ARTS (LINGUISTIC),Degree,KISII UNIVERSITY,,22.449,22.916,22.926
BACHELOR OF ARTS (LINGUISTIC),Degree,RONGO UNIVERSITY,,22.449,22.916,22.926
BACHELOR OF ARTS (HISTORY),Degree,KISII UNIVERSITY,23.743,21.123,24.554,22.627
BACHELOR OF ARTS IN HISTORY,Degree,CATHOLIC UNIVERSITY OF EASTERN AFRICA,,21.123,21.604,22.627
BACHELOR OF ARTS (HISTORY),Degree,MAASAI MARA UNIVERSITY,23.546,21.123,21.604,22.627
BACHELOR OF ARTS (HISTORY),Degree,PWANI UNIVERSITY,,21.123,21.604,22.627
BACHELOR OF ARTS (LITERATURE),Degree,KISII UNIVERSITY,,22.449,22.916,22.926
BACHELOR OF ARTS (LINGUISTICS AND LITERATURE),Degree,CHUKA UNIVERSITY,23.965,24.181,28.826,24.545
"BACHELOR OF ARTS (LITERATURE, WITH IT)",Degree,MASENO UNIVERSITY,23.689,23.844,28.202,22.926
BACHELOR OF ARTS (LITERATURE),Degree,PWANI UNIVERSITY,,22.449,22.916,22.926
BACHELOR OF SCIENCE (RENEWABLE ENERGY),Degree,KISII UNIVERSITY,,15.683,15.982,16.787
BACHELOR OF TECHNOLOGY IN ELECTRICAL AND ELECTRONIC ENGINEERING,Degree,TECHNICAL UNIVERSITY OF MOMBASA,,26.515,24.916,27.187
BACHELOR OF TECHNOLOGY (ELECTRICAL AND ELECTRONIC ENGINEERING TECHNOLOGY),Degree,MURANG'A UNIVERSITY OF TECHNOLOGY,24.732,25.49,27.036,28.277
BACHELOR OF TECHNOLOGY (ELECTRICAL AND ELECTRONIC ENGINEERING TECHNOLOGY),Degree,TECHNICAL UNIVERSITY OF KENYA,26.408,33.678,33.566,34.228
BACHELOR OF TECHNOLOGY IN ELECTRICAL AND ELECTRONIC ENGINEERING,Degree,MERU UNIVERSITY OF SCIENCE AND TECHNOLOGY,,29.786,29.277,31.055
BACHELOR OF SCIENCE IN ENVIRONMENTAL HEALTH SCIENCES (PUBLIC HEALTH),Degree,TECHNICAL UNIVERSITY OF MOMBASA,,15.864,17.043,17.459
BACHELOR OF SCIENCE IN FISHERIES AND OCEANOGGRAPHY,Degree,TECHNICAL UNIVERSITY OF MOMBASA,,15.864,17.043,17.459
BACHELOR OF TECHNOLOGY (CIVIL ENGINEERING TECHNOLOGY),Degree,TECHNICAL UNIVERSITY OF MOMBASA,26.314,26.269,28.553,29.999
BACHELOR OF TECHNOLOGY (CIVIL ENGINEERING TECHNOLOGY),Degree,TECHNICAL UNIVERSITY OF KENYA,27.22,32.414,30.122,28.712
BACHELOR OF TECHNOLOGY IN CIVIL ENGINEERING,Degree,MERU UNIVERSITY OF SCIENCE AND TECHNOLOGY,,27.323,25.865,30.112
BACHELOR OF TECHNOLOGY IN MEDICAL ENGINEERING,Degree,KIRINYAGA UNIVERSITY,,26.456,26.561,16.787
BACHELOR OF TECHNOLOGY IN MEDICAL ENGINEERING,Degree,TECHNICAL UNIVERSITY OF MOMBASA,,34.178,33.935,32.982
BACHELOR OF TECHNOLOGY (MECHANICAL ENGINEERING TECHNOLOGY),Degree,TECHNICAL UNIVERSITY OF MOMBASA,,27.768,27.452,26.589
BACHELOR OF TECHNOLOGY IN MECHANICAL ENGINEERING,Degree,KIRINYAGA UNIVERSITY,,26.622,26.676,16.787
BACHELOR OF TECHNOLOGY (MECHANICAL ENGINEERING TECHNOLOGY),Degree,TECHNICAL UNIVERSITY OF KENYA,27.972,31.791,32.184,31.001
BACHELOR OF TECHNOLOGY IN MECHANICAL ENGINEERING,Degree,MURANG'A UNIVERSITY OF TECHNOLOGY,,27.103,26.587,16.787
BACHELOR OF TECHNOLOGY IN MECHANICAL ENGINEERING,Degree,MERU UNIVERSITY OF SCIENCE AND TECHNOLOGY,,26.981,26.532,16.787
BACHELOR OF TECHNOLOGY IN MARINE ENGINEERING,Degree,TECHNICAL UNIVERSITY OF MOMBASA,32.449,33.022,34.214,31.168
BACHELOR OF ECONOMICS & FINANCE,Degree,KIRINYAGA UNIVERSITY,,18.831,19.914,20.1
BACHELOR OF ECONOMICS AND FINANCE,Degree,UNIVERSITY OF EMBU,,18.831,19.914,20.1
BACHELOR OF ECONOMICS AND FINANCE,Degree,KABARAK UNIVERSITY,,18.831,19.914,27.835
BACHELOR OF SCIENCE IN BANKING AND FINANCE,Degree,CO-OPERATIVE UNIVERSITY OF KENYA,25.268,22.748,19.914,20.1
BACHELOR OF SCIENCE IN BANKING AND FINANCE,Degree,JOMO KENYATTA UNIVERSITY OF AGRICULTURE AND TECHNOLOGY,28.552,28.368,23.112,34.936
BACHELOR OF ECONOMICS AND FINANCE,Degree,KENYATTA UNIVERSITY - MAMA NGINA UNIVERSITY COLLEGE,,18.831,19.914,20.1
BACHELOR OF ECONOMICS AND FINANCE,Degree,CATHOLIC UNIVERSITY OF EASTERN AFRICA,,18.831,19.914,
BACHELOR OF ECONOMICS AND FINANCE,Degree,MOUNT KENYA UNIVERSITY,,18.831,19.914,32.406
BACHELOR OF ECONOMICS AND FINANCE,Degree,MACHAKOS UNIVERSITY,,18.831,19.914,20.1
BACHELOR OF ECONOMICS & FINANCE,Degree,KENYATTA UNIVERSITY,30.581,32.698,28.926,35.746
BACHELOR OF SCIENCE (FINANCE),Degree,UNIVERSITY OF EMBU,,18.831,19.914,20.1
BACHELOR OF SCIENCE (FINANCE),Degree,CO-OPERATIVE UNIVERSITY OF KENYA,,18.831,19.914,20.1
BACHELOR OF SCIENCE IN FINANCE,Degree,MERU UNIVERSITY OF SCIENCE AND TECHNOLOGY,,18.831,19.914,20.1
BACHELOR OF SCIENCE IN SOFTWARE ENGINEERING,Degree,KISII UNIVERSITY,35.649,36.957,35.029,28.289
BACHELOR OF SCIENCE IN SOFTWARE ENGINEERING,Degree,CO-OPERATIVE UNIVERSITY OF KENYA,40.342,40.162,39.959,36.951
BACHELOR OF SCIENCE IN SOFTWARE ENGINEERING,Degree,KIRINYAGA UNIVERSITY,33.752,33.884,32.249,29.978
BACHELOR OF SCIENCE IN SOFTWARE DEVELOPMENT,Degree,KCA UNIVERSITY,,24.055,18.638,34.436
BACHELOR OF SCIENCE IN SOFTWARE ENGINEERING,Degree,ZETECH UNIVERSITY,,18.814,18.638,19.223
BACHELOR OF SCIENCE IN SOFTWARE ENGINEERING,Degree,MURANG'A UNIVERSITY OF TECHNOLOGY,37.226,38.437,37.792,34.966
BACHELOR OF SCIENCE IN SOFTWARE ENGINEERING,Degree,"UNIVERSITY OF EASTERN AFRICA, BARATON",,25.573,18.638,33.595
BACHELOR OF SCIENCE IN SOFTWARE ENGINEERING,Degree,MULTIMEDIA UNIVERSITY OF KENYA,40.831,41.368,41.42,40.797
BACHELOR OF SCIENCE (HEALTH RECORDS AND INFORMATICS),Degree,RONGO UNIVERSITY,,15.864,23.913,17.459
BACHELOR OF SCIENCE IN HEALTH RECORDS MANAGEMENT & INFORMATICS,Degree,ST PAULS UNIVERSITY,,15.864,17.043,17.459
BACHELOR OF SCIENCE (HEALTH RECORDS & INFORMATION MGT.),Degree,MERU UNIVERSITY OF SCIENCE AND TECHNOLOGY,,24.064,25.452,17.459
BACHELOR OF SCIENCE (HEALTH RECORDS & INFORMATION MGT.),Degree,KENYATTA UNIVERSITY,25.274,28.672,32.695,30.576
BACHELOR OF SCIENCE HEALTH INFORMATION MANAGEMENT AND INFORMATICS,Degree,JOMO KENYATTA UNIVERSITY OF AGRICULTURE AND TECHNOLOGY,24.418,23.896,30.985,29.565
"BACHELOR OF SCIENCE (HEALTH RECORDS AND INFORMATION MANAGEMENT, WITH IT)",Degree,MASENO UNIVERSITY,22.591,26.384,29.567,25.782
BACHELOR OF SCIENCE IN GLOBAL HEALTH AND TRAVEL MEDICINE,Degree,MASINDE MULIRO UNIVERSITY OF SCIENCE & TECHNOLOGY,22.856,25.647,31.024,27.183
BACHELOR OF SCIENCE IN MARITIME MANAGEMENT (COMMERCIAL),Degree,TECHNICAL UNIVERSITY OF MOMBASA,,15.864,17.043,17.459
BACHELOR OF MARITIME STUDIES,Degree,PWANI UNIVERSITY,,15.864,17.043,
BACHELOR OF SCIENCE (DISASTER RISK MANAGEMENT AND SUSTAINABLE DEVELOPMENT),Degree,CO-OPERATIVE UNIVERSITY OF KENYA,,22.449,24.652,22.926
BACHELOR OF SCIENCE (DISASTER MANAGEMENT AND SUSTAINABLE DEVELOPMENT),Degree,TURKANA UNIVERSITY COLLEGE,,22.449,22.916,22.926
BACHELOR OF ARTS (POLITICAL SCIENCE AND PUBLIC ADMINISTRATION),Degree,GARISSA UNIVERSITY,,22.449,22.916,22.926
BACHELOR OF ARTS (POLITICAL SCIENCE AND PUBLIC ADMINISTRATION),Degree,RONGO UNIVERSITY,,22.449,25.712,22.926
BACHELOR OF ARTS (PUBLIC ADMINISTRATION AND POLITICAL SCIENCE),Degree,KISII UNIVERSITY,23.236,22.449,27.529,26.679
BACHELOR OF POLITICAL SCIENCE AND PUBLIC ADMINISTRATION,Degree,UNIVERSITY OF NAIROBI,30.429,,,
BACHELOR OF ARTS IN POLITICAL SCIENCE WITH TECHNOLOGY,Degree,ZETECH UNIVERSITY,,22.449,22.916,22.926
BACHELOR OF ARTS IN POLITICAL SCIENCE AND PUBLIC ADMINISTRATION,Degree,BOMET UNIVERSITY COLLEGE,23.009,,,
BACHELOR OF ARTS IN POLITICAL SCIENCE AND PUBLIC ADMINISTRATION,Degree,KARATINA UNIVERSITY,23.283,22.449,24.33,22.926
BACHELOR OF ARTS (POLITICAL SCIENCE & PUBLIC ADMINISTRATION),Degree,MAASAI MARA UNIVERSITY,23.465,22.449,26.453,25.241
BACHELOR OF ARTS IN POLITICAL SCIENCE,Degree,CATHOLIC UNIVERSITY OF EASTERN AFRICA,,22.449,22.916,24.035
BACHELOR OF SCIENCE(BUSINESS INFORMATION SYSTEMS),Degree,JARAMOGI OGINGA ODINGA UNIVERSITY OF SCIENCE AND TECHNOLOGY,,21.375,21.444,22.544
BACHELOR OF SCIENCE CLINICAL MEDICINE,Degree,KABARAK UNIVERSITY,38.974,39.709,38.094,41.834
BACHELOR OF SCIENCE CLINICAL MEDICINE,Degree,EGERTON UNIVERSITY,42.413,42.215,41.983,41.625
BACHELOR OF SCIENCE IN CLINICAL MEDICINE AND COMMUNITY HEALTH,Degree,KISII UNIVERSITY,40.772,41.573,41.571,40.868
BACHELOR OF SCIENCE IN CLINICAL MEDICINE AND COMMUNITY HEALTH,Degree,MASINDE MULIRO UNIVERSITY OF SCIENCE & TECHNOLOGY,39.623,42.231,42.023,41.885
BACHELOR OF SCIENCE IN CLINICAL MEDICINE AND COMMUNITY HEALTH,Degree,KIRINYAGA UNIVERSITY,38.941,39.915,39.828,39.917
BACHELOR OF SCIENCE IN CLINICAL MEDICINE,Degree,MURANG'A UNIVERSITY OF TECHNOLOGY,40.055,,,
BACHELOR OF SCIENCE IN CLINICAL MEDICINE,Degree,KARATINA UNIVERSITY,39.314,39.734,,
BACHELOR OF SCIENCE CLINICAL MEDICINE AND COMMUNITY HEALTH,Degree,GREAT LAKES UNIVERSITY OF KISUMU,34.643,34.408,29.194,37.162
BACHELOR OF SCIENCE CLINICAL MEDICINE,Degree,JOMO KENYATTA UNIVERSITY OF AGRICULTURE AND TECHNOLOGY,42.949,42.847,42.365,42.693
BACHELOR OF SCIENCE CLINICAL MEDICINE,Degree,UNIVERSITY OF KABIANGA,40.035,41.014,41.019,40.689
BACHELOR OF SCIENCE CLINICAL MEDICINE,Degree,UZIMA UNIVERSITY,34.686,34.695,29.017,39.514
BACHELOR OF SCIENCE IN CLINICAL MEDICINE AND COMMUNITY HEALTH,Degree,KAIMOSI FRIENDS UNIVERSITY,38.686,39.734,39.476,34.19
BACHELOR OF SCIENCE IN CLINICAL MEDICINE AND COMMUNITY HEALTH,Degree,MOUNT KENYA UNIVERSITY,40.654,41.517,39.558,42.356
BACHELOR OF SCIENCE IN CLINICAL MEDICINE AND COMMUNITY HEALTH,Degree,MERU UNIVERSITY OF SCIENCE AND TECHNOLOGY,40.299,39.885,40.824,40.682
BACHELOR OF SCIENCE IN MARINE RESOURCE MANAGEMENT,Degree,TECHNICAL UNIVERSITY OF MOMBASA,,15.864,17.043,17.459
BACHELOR OF SCIENCE (MARINE BIOLOGY & FISHERIES),Degree,PWANI UNIVERSITY,,15.864,17.043,17.459
BACHELOR OF SCIENCE (COASTAL & MARINE RESOURCE MANAGEMENT,Degree,KENYATTA UNIVERSITY,,15.864,17.043,17.459
BACHELOR OF SCIENCE (FORENSIC SCIENCE),Degree,KIRINYAGA UNIVERSITY,,15.683,16.974,17.459
BACHELOR OF SCIENCE (FORENSIC SCIENCE),Degree,KENYATTA UNIVERSITY,28.618,32.214,35.032,34.516
BACHELOR OF SCIENCE ( ENVIRONMENTAL CHEMISTRY),Degree,KISII UNIVERSITY,,15.683,16.974,17.459
BACHELOR OF SCIENCE (PETROLEUM CHEMISTRY),Degree,KISII UNIVERSITY,,15.683,15.982,16.787
BACHELOR OF SCIENCE IN MATHEMATICS AND FINANCE,Degree,TECHNICAL UNIVERSITY OF MOMBASA,,18.831,19.914,20.1
BACHELOR OF SCIENCE (AGRIBUSINESS MANAGEMENT),Degree,UNIVERSITY OF EMBU,,15.864,16.974,17.459
BACHELOR OF SCIENCE (AGRIBUSINESS),Degree,RONGO UNIVERSITY,,15.864,16.974,17.459
BACHELOR OF SCIENCE (AGRIBUSINESS),Degree,"UNIVERSITY OF EASTERN AFRICA, BARATON",,15.864,16.974,17.459
BACHELOR OF SCIENCE (AGRIBUSINESS MANAGEMENT),Degree,UNIVERSITY OF NAIROBI,,15.864,16.974,22.692
BACHELOR OF SCIENCE (AGRIBUSINESS MANAGEMENT),Degree,GREAT LAKES UNIVERSITY OF KISUMU,,15.864,16.974,17.459
"BACHELOR OF SCIENCE (MATHEMATICS & ECONOMICS, WITH IT",Degree,MASINDE MULIRO UNIVERSITY OF SCIENCE & TECHNOLOGY,,18.831,19.914,20.1
BACHELOR OF SCIENCE IN ECONOMICS AND MATHEMATICS,Degree,KABARAK UNIVERSITY,,18.831,19.914,20.1
BACHELOR OF ARTS IN MATHEMATICS AND ECONOMICS,Degree,CHUKA UNIVERSITY,,18.831,19.914,20.1
BACHELOR OF SCIENCE (MATHEMATICS AND ECONOMICS),Degree,MURANG'A UNIVERSITY OF TECHNOLOGY,,18.831,19.914,20.1
"BACHELOR OF SCIENCE (MATHEMATICS & ECONOMICS, WITH IT",Degree,TOM MBOYA UNIVERSITY,,18.831,19.914,20.1
"BACHELOR OF SCIENCE (MATHEMATICS & ECONOMICS, WITH IT",Degree,KAIMOSI FRIENDS UNIVERSITY,,18.831,19.914,20.1
"BACHELOR OF SCIENCE (MATHEMATICS & ECONOMICS, WITH IT",Degree,MASENO UNIVERSITY,,18.831,19.914,20.1
BACHELOR OF SCIENCE IN MEDICAL BIOTECHNOLOGY,Degree,MASINDE MULIRO UNIVERSITY OF SCIENCE & TECHNOLOGY,,15.683,16.974,17.459
BACHELOR OF SCIENCE IN MEDICAL BIOTECHNOLOGY,Degree,KIRINYAGA UNIVERSITY,,15.683,16.974,17.459
"BACHELOR OF SCIENCE (MEDICAL BIOTECHNOLOGY, WITH IT)",Degree,MASENO UNIVERSITY,,25.037,26.238,26.516
BACHELOR OF SCIENCE (AGRICULTURAL BIOTECHNOLOGY),Degree,JARAMOGI OGINGA ODINGA UNIVERSITY OF SCIENCE AND TECHNOLOGY,,15.864,,
BACHELOR OF SCIENCE (AGRICULTURE AND BIOTECHNOLOGY),Degree,MASINDE MULIRO UNIVERSITY OF SCIENCE & TECHNOLOGY,,15.864,17.043,17.459
BACHELOR OF SCIENCE (AGRICULTURAL BIOTECHNOLOGY),Degree,MOI UNIVERSITY,,15.864,17.043,17.459
BACHELOR OF SCIENCE (AGRICULTURAL BIOTECHNOLOGY),Degree,UNIVERSITY OF ELDORET,,15.864,17.043,17.459
BACHELOR OF SCIENCE (AGRICULTURE & BIOTECHNOLOGY),Degree,KIBABII UNIVERSITY,,15.864,17.043,17.459
BACHELOR OF CONFLICT RESOLUTION AND HUMANITAIRAN ASSISTANCE,Degree,MASINDE MULIRO UNIVERSITY OF SCIENCE & TECHNOLOGY,,22.449,22.916,22.926
BACHELOR OF SCIENCE IN CONFLICT RESOLUTION AND HUMANITARIAN ASSISTANCE,Degree,TURKANA UNIVERSITY COLLEGE,,22.449,,
BACHELOR OF SCIENCE (OPTOMETRY AND VISION SCIENCES),Degree,MASINDE MULIRO UNIVERSITY OF SCIENCE & TECHNOLOGY,38.061,38.611,38.166,38.005
BACHELOR OF SCIENCE (OPTOMETRY AND VISION SCIENCES),Degree,KAIMOSI FRIENDS UNIVERSITY,35.964,34.838,36.009,27.294
BACHELOR OF CO-OPERATIVE BUSINESS,Degree,CO-OPERATIVE UNIVERSITY OF KENYA,,21.375,21.444,22.544
BACHELOR OF SCIENCE (CIVIL AND STRUCTURAL ENGINEERING),Degree,MASINDE MULIRO UNIVERSITY OF SCIENCE & TECHNOLOGY,38.276,38.302,38.536,36.497
BACHELOR OF ENGINEERING (CIVIL AND STRUCTURAL ENGINEERING),Degree,MOI UNIVERSITY,27.907,39.539,39.792,37.774
BACHELOR OF ENGINEERING (CIVIL & STRUCTURAL ENGINEERING),Degree,UNIVERSITY OF ELDORET,37.697,37.35,38.402,37.275
BACHELOR OF ARTS IN COMMUNICATION,Degree,PAN AFRICA CHRISTIAN UNIVERSITY,,22.449,22.916,22.926
BACHELOR OF ARTS IN COMMUNICATION,Degree,DAYSTAR UNIVERSITY,,22.449,,
BACHELOR OF ARTS IN COMMUNICATION,Degree,ST PAULS UNIVERSITY,,22.449,22.916,22.926
"BACHELOR OF ARTS (LINGUISTICS, MEDIA AND COMMUNICATION)",Degree,RONGO UNIVERSITY,,22.449,25.134,22.926
"BACHELOR OF ARTS (LINGUISTICS, MEDIA AND COMMUNICATION)",Degree,MOI UNIVERSITY,,22.449,24.316,22.926
BACHELOR OF LINGUISTICS AND COMMUNICATION STUDIES,Degree,MURANG'A UNIVERSITY OF TECHNOLOGY,,22.449,22.916,22.926
"BACHELOR OF ARTS (LANGUAGE AND COMMUNICATION, WITH IT)",Degree,MASENO UNIVERSITY,,22.449,24.665,22.926
BACHELOR OF ARTS IN HISTORY & INTERNATIONAL STUDIES,Degree,EGERTON UNIVERSITY,22.697,21.123,24.756,22.627
BACHELOR OF SCIENCE (RENEWABLE ENERGY TECHNOLOGY AND MANAGEMENT),Degree,JARAMOGI OGINGA ODINGA UNIVERSITY OF SCIENCE AND TECHNOLOGY,,15.683,15.982,16.787
BACHELOR OF SCIENCE IN EPIDEMIOLOGY AND BIOSTATISTICS,Degree,MASINDE MULIRO UNIVERSITY OF SCIENCE & TECHNOLOGY,,24.759,17.043,23.657
BACHELOR OF SCIENCE IN EPIDEMIOLOGY AND MEDICAL STATISTICS,Degree,KIRINYAGA UNIVERSITY,,15.864,17.043,17.459
BACHELOR OF DISASTER MANAGEMENT & INTERNATIONAL DIPLOMACY,Degree,MASINDE MULIRO UNIVERSITY OF SCIENCE & TECHNOLOGY,,22.449,22.916,22.926
BACHELOR OF DISASTER MANAGEMENT & INTERNATIONAL DIPLOMACY,Degree,KAIMOSI FRIENDS UNIVERSITY,,22.449,22.916,22.926
BACHELOR OF ARTS (ECONOMICS),Degree,RONGO UNIVERSITY,,18.831,19.914,20.1
BACHELOR OF ARTS IN ECONOMICS,Degree,GARISSA UNIVERSITY,,18.831,19.914,20.1
BACHELOR OF ARTS IN ECONOMICS AND BUSINESS STUDIES,Degree,KCA UNIVERSITY,,18.831,19.914,20.1
"BACHELOR OF ARTS (ECONOMICS, WITH IT)",Degree,TOM MBOYA UNIVERSITY,,18.831,19.914,20.1
"BACHELOR OF ARTS (ECONOMICS, WITH IT)",Degree,MASENO UNIVERSITY,,18.831,19.914,20.1
BACHELOR OF ARTS (ECONOMICS),Degree,BOMET UNIVERSITY COLLEGE,,18.831,19.914,20.1
BACHELOR OF ARTS (ECONOMICS),Degree,ALUPE UNIVERSITY,,18.831,19.914,20.1
BACHELOR OF ARTS (ECONOMICS),Degree,MOI UNIVERSITY,,18.831,19.914,20.1
BACHELOR OF ARTS (ECONOMICS),Degree,UNIVERSITY OF KABIANGA,,18.831,19.914,20.1
BACHELOR OF ARTS (ECONOMICS),Degree,PWANI UNIVERSITY,,18.831,19.914,20.1
BACHELOR OF ARTS (ECONOMICS),Degree,UNIVERSITY OF ELDORET,,18.831,19.914,20.1
BACHELOR OF ARTS IN ECONOMICS,Degree,CATHOLIC UNIVERSITY OF EASTERN AFRICA,,18.831,19.914,20.1
BACHELOR OF ARTS IN ECONOMICS,Degree,DAYSTAR UNIVERSITY,,18.831,19.914,20.1
BACHELOR OF SCIENCE IN INTERNATIONAL BUSINESS MANAGEMENT,Degree,KCA UNIVERSITY,,21.375,21.444,22.544
BACHELOR OF SCIENCE IN INTERNATIONAL BUSINESS MANAGEMENT,Degree,AFRICA NAZARENE UNIVERSITY,,21.375,21.444,25.372
BACHELOR OF BUSINESS INFORMATION AND MANAGEMENT,Degree,KISII UNIVERSITY,24.253,21.375,21.444,22.544
BACHELOR OF SCIENCE IN ACCOUNTING,Degree,CO-OPERATIVE UNIVERSITY OF KENYA,32.186,29.648,28.031,28.049
BACHELOR OF BUSINESS ADMINISTRATION IN ACCOUNTING,Degree,"UNIVERSITY OF EASTERN AFRICA, BARATON",,18.831,19.914,20.1
"BACHELOR OF SCIENCE (ACCOUNTING & FINANCE, WITH IT)",Degree,MASENO UNIVERSITY,27.978,26.172,19.914,28.099
BACHELOR OF SCIENCE IN HEALTH SYSTEMS MANAGEMENT,Degree,KIRINYAGA UNIVERSITY,,15.864,17.043,
BACHELOR OF SCIENCE IN HEALTH SYSTEMS MANAGEMENT,Degree,KENYA METHODIST UNIVERSITY,,15.864,17.043,17.459
BACHELOR OF SCIENCE IN HEALTH SYSTEMS MANAGEMENT,Degree,RONGO UNIVERSITY,,15.864,17.043,17.459
BACHELOR OF SCIENCE IN HEALTH SYSTEMS MANAGEMENT,Degree,ZETECH UNIVERSITY,,15.864,17.043,17.459
BACHELOR OF SCIENCE IN HEALTH SYSTEMS MANAGEMENT,Degree,MOUNT KENYA UNIVERSITY,,15.864,17.043,17.459
BACHELOR OF SCIENCE IN HEALTH SYSTEMS MANAGEMENT,Degree,KARATINA UNIVERSITY,,15.864,17.043,17.459
BACHELOR OF SCIENCE IN HEALTH SYSTEMS MANAGEMENT,Degree,MERU UNIVERSITY OF SCIENCE AND TECHNOLOGY,,15.864,17.043,17.459
BACHELOR OF SCIENCE IN HEALTH SYSTEMS MANAGEMENT,Degree,UZIMA UNIVERSITY,,15.864,17.043,
BACHELOR OF SCIENCE IN HEALTH SYSTEMS MANAGEMENT AND DEVELOPMENT,Degree,AMREF INTERNATIONAL UNIVERSITY,,15.864,17.043,17.459
BACHELOR OF SCIENCE IN HEALTH SYSTEMS MANAGEMENT AND ECONOMICS,Degree,ST PAULS UNIVERSITY,,15.864,17.043,17.459
BACHELOR OF ARTS IN PEACE STUDIES AND CONFLICT RESOLUTION,Degree,AFRICA NAZARENE UNIVERSITY,,22.449,22.916,22.926
BACHELOR OF ARTS IN PEACE STUDIES AND CONFLICT RESOLUTION,Degree,MOUNT KENYA UNIVERSITY,,22.449,22.916,22.926
BACHELOR OF EDUCATION (EARLY CHILDHOOD AND PRIMARY EDUCATION),Degree,GARISSA UNIVERSITY,,21.858,22.358,22.636
BACHELOR OF EDUCATION (EARLY CHILDHOOD DEVELOPMENT EDUCATION),Degree,CHUKA UNIVERSITY,22.965,24.041,22.358,22.636
BACHELOR OF EDUCATION (EARLY CHILDHOOD DEVELOPMENT EDUCATION),Degree,SCOTT CHRISTIAN UNIVERSITY,,21.858,22.358,22.636
BACHELOR OF EDUCATION (EARLY CHILDHOOD DEVELOPMENT EDUCATION),Degree,EGERTON UNIVERSITY,22.636,23.201,22.358,22.636
BACHELOR OF EDUCATION (EARLY CHILDHOOD & PRIMARY EDUCATION),Degree,UNIVERSITY OF ELDORET,22.436,22.961,,
BACHELOR OF EDUCATION (EARLY CHILDHOOD AND PRIMARY EDUCATION),Degree,UNIVERSITY OF KABIANGA,22.971,21.858,22.358,22.636
BACHELOR OF EDUCATION (EARLY CHILDHOOD DEVELOPMENT EDUCATION),Degree,MAASAI MARA UNIVERSITY,23.382,21.858,22.358,22.636
BACHELOR OF EDUCATION (EARLY CHILDHOOD DEVELOPMENT EDUCATION),Degree,ST PAULS UNIVERSITY,,21.858,22.358,22.636
BACHELOR OF SCIENCE IN TRAVEL AND TOURISM MANAGEMENT,Degree,KENYA METHODIST UNIVERSITY,,,21.444,23.283
BACHELOR OF TOURISM AND TRAVEL MANAGEMENT,Degree,CO-OPERATIVE UNIVERSITY OF KENYA,29.219,26.096,28.086,26.45
BACHELOR OF SCIENCE IN TRAVEL AND TOURISM MANAGEMENT,Degree,MOUNT KENYA UNIVERSITY,22.158,23.6,24.37,27.658
BACHELOR OF SCIENCE IN ANIMAL HEALTH MANAGEMENT,Degree,EGERTON UNIVERSITY,28.213,27.902,30.215,28.339
BACHELOR OF SCIENCE (MEDICAL ENGINEERING),Degree,TECHNICAL UNIVERSITY OF MOMBASA,34.806,36.249,36.56,35.929
BACHELOR OF SCIENCE (BIOMEDICAL ENGINEERING),Degree,KENYATTA UNIVERSITY,41.121,42.387,41.807,40.771
BACHELOR OF SCIENCE IN TELECOMMUNICATION,Degree,KABARAK UNIVERSITY,,15.683,15.982,16.787
BACHELOR OF SCIENCE IN TELECOMMUNICATION AND INFORMATION TECHNOLOGY,Degree,MACHAKOS UNIVERSITY,,15.683,15.982,16.787
"BACHELOR OF SCIENCE IN MATHEMATICS ( PURE MATHEMATICS, APPLIED MATHEMATICS AND STATISTICS)",Degree,KISII UNIVERSITY,,18.831,19.914,20.1
BACHELOR OF SCIENCE IN MATHEMATICS AND MODELLING PROCESSES,Degree,DEDAN KIMATHI UNIVERSITY OF TECHNOLOGY,,18.831,19.914,20.1
BACHELOR OF SCIENCE IN MATHEMATICS & PHYSICS,Degree,MERU UNIVERSITY OF SCIENCE AND TECHNOLOGY,,18.831,19.914,20.1
BACHELOR OF SCIENCE (GEOSPATIAL INFORMATION SCIENCE),Degree,MASINDE MULIRO UNIVERSITY OF SCIENCE & TECHNOLOGY,,15.683,17.363,17.802
BACHELOR OF SCIENCE (GEOSPATIAL INFORMATION SCIENCE),Degree,JOMO KENYATTA UNIVERSITY OF AGRICULTURE AND TECHNOLOGY,24.92,27.531,29.784,34.736
BACHELOR OF SCIENCE IN GEOSPATIAL INFORMATION SCIENCE AND REMOTE SENSING,Degree,DEDAN KIMATHI UNIVERSITY OF TECHNOLOGY,,15.683,25.854,24.25
BACHELOR OF ARTS (GEOGRAPHY),Degree,MAASAI MARA UNIVERSITY,,15.683,,
BACHELOR OF SCIENCE (PUBLIC HEALTH),Degree,JARAMOGI OGINGA ODINGA UNIVERSITY OF SCIENCE AND TECHNOLOGY,,25.558,25.063,17.459
BACHELOR OF SCIENCE IN PUBLIC HEALTH,Degree,KISII UNIVERSITY,27.204,31.45,32.151,27.801
BACHELOR OF SCIENCE IN PUBLIC HEALTH,Degree,TECHNICAL UNIVERSITY OF MOMBASA,25.577,,,
BACHELOR OF SCIENCE IN PUBLIC HEALTH,Degree,KABARAK UNIVERSITY,,27.842,17.043,
BACHELOR OF PUBLIC HEALTH,Degree,CHUKA UNIVERSITY,29.56,29.419,32.815,27.775
BACHELOR OF PUBLIC HEALTH,Degree,MOUNT KENYA UNIVERSITY,,27.488,26.659,
"BACHELOR OF SCIENCE (PUBLIC HEALTH, WITH IT)",Degree,MASENO UNIVERSITY,28.738,33.436,34.339,32.999
BACHELOR OF SCIENCE (PUBLIC HEALTH),Degree,MERU UNIVERSITY OF SCIENCE AND TECHNOLOGY,27.93,26.747,30.579,27.91
BACHELOR OF SCIENCE (PUBLIC HEALTH),Degree,SOUTH EASTERN KENYA UNIVERSITY,,29.179,27.342,27.715
BACHELOR OF SCIENCE (PUBLIC HEALTH),Degree,UNIVERSITY OF KABIANGA,28.681,29.664,30.613,29.119
BACHELOR OF SCIENCE IN PUBLIC HEALTH,Degree,JOMO KENYATTA UNIVERSITY OF AGRICULTURE AND TECHNOLOGY,35.849,37.245,37.235,36.908
BACHELOR OF SCIENCE IN PUBLIC HEALTH,Degree,MURANG'A UNIVERSITY OF TECHNOLOGY,26.604,,,
BACHELOR OF SCIENCE IN PUBLIC HEALTH,Degree,"UNIVERSITY OF EASTERN AFRICA, BARATON",,15.864,17.043,29.365
BACHELOR OF SCIENCE IN PUBLIC HEALTH,Degree,MACHAKOS UNIVERSITY,27.888,27.956,27.017,
BACHELOR OF SCIENCE IN ENVIRONMENTAL HEALTH,Degree,ALUPE UNIVERSITY,,15.864,,
BACHELOR OF SCIENCE (DISASTER MITIGATION AND SUSTAINABLE DEVELOPMENT),Degree,MASINDE MULIRO UNIVERSITY OF SCIENCE & TECHNOLOGY,,22.449,22.916,22.926
BACHELOR OF SCIENCE(CONSTRUCTION MANAGEMENT),Degree,JARAMOGI OGINGA ODINGA UNIVERSITY OF SCIENCE AND TECHNOLOGY,,18.392,18.692,19.039
BACHELOR OF SCIENCE(CONSTRUCTION MANAGEMENT),Degree,KENYATTA UNIVERSITY,32.713,34.138,35.266,37.509
BACHELOR OF ARTS (SOCIOLOGY),Degree,RONGO UNIVERSITY,,22.449,22.916,22.926
BACHELOR OF ARTS IN SOCIOLOGY,Degree,CHUKA UNIVERSITY,,22.449,24.374,22.926
BACHELOR OF ARTS IN SOCIOLOGY,Degree,TECHNICAL UNIVERSITY OF MOMBASA,,22.449,22.916,22.926
BACHELOR OF ARTS (SOCIAL WORK AND SOCIOLOGY),Degree,KISII UNIVERSITY,,22.449,22.916,22.926
BACHELOR OF ARTS IN SOCIOLOGY,Degree,KARATINA UNIVERSITY,,22.449,22.916,22.926
BACHELOR OF ARTS (SOCIOLOGY),Degree,MAASAI MARA UNIVERSITY,,22.449,22.916,22.926
BACHELOR OF ARTS (SOCIOLOGY),Degree,PWANI UNIVERSITY,,22.449,22.916,22.926
BACHELOR OF ARTS IN SOCIOLOGY AND TECHNOLOGY,Degree,ZETECH UNIVERSITY,,22.449,22.916,22.926
BACHELOR OF SCIENCE (FORENSIC BIOLOGY),Degree,KISII UNIVERSITY,,15.683,16.974,17.459
BACHELOR OF SCIENCE IN STATISTICS & COMPUTER SCIENCE,Degree,TECHNICAL UNIVERSITY OF MOMBASA,,18.814,18.638,19.223
BACHELOR OF SCIENCE (MEDICAL SOCIAL WORK),Degree,MASINDE MULIRO UNIVERSITY OF SCIENCE & TECHNOLOGY,27.983,28.742,30.472,28.614
BACHELOR OF SCIENCE (MEDICAL SOCIAL WORK),Degree,JOMO KENYATTA UNIVERSITY OF AGRICULTURE AND TECHNOLOGY,28.665,26.901,30.606,28.711
BACHELOR OF ARTS IN CONFLICTS AND SECURITY STUDIES,Degree,TECHNICAL UNIVERSITY OF MOMBASA,23.569,22.449,27.973,28.57
BACHELOR OF ARTS IN SECURITY STUDIES AND CRIMINOLOGY,Degree,MOUNT KENYA UNIVERSITY,23.009,22.449,26.522,31.014
BACHELOR OF SCIENCE IN APPLIED PHYSICS,Degree,TAITA TAVETA UNIVERSITY,,15.683,16.974,17.459
BACHELOR OF ARTS IN PEACE AND CONFLICT STUDIES,Degree,KISII UNIVERSITY,,22.449,22.916,22.926
BACHELOR OF ARTS IN PEACE AND CONFLICT STUDIES,Degree,ST PAULS UNIVERSITY,,22.449,22.916,22.926
BACHELOR OF ARTS IN PEACE AND CONFLICT TRANSFORMATION,Degree,DAYSTAR UNIVERSITY,,22.449,22.916,22.926
BACHELOR OF SCIENCE (CLIMATE CHANGE ADAPTATION AND SUSTAINABLE DEVELOPMENT),Degree,MASINDE MULIRO UNIVERSITY OF SCIENCE & TECHNOLOGY,,15.864,17.043,17.459
BACHELOR OF SCIENCE ( SUSTAINABLE ENERGY & CLIMATE CHANGE SYSTEMS),Degree,UNIVERSITY OF ELDORET,,15.864,,
"BACHELOR OF SCIENCE (CLIMATE CHANGE AND DEVELOPMENT, WITH IT)",Degree,MASENO UNIVERSITY,,15.864,17.043,
BACHELOR OF SCIENCE IN CLIMATE CHANGE AND AGROFORESTRY,Degree,SOUTH EASTERN KENYA UNIVERSITY,,15.864,17.043,17.459
BACHELOR OF SCIENCE IN GEOINFORMATICS,Degree,TAITA TAVETA UNIVERSITY,,15.683,17.363,17.802
BACHELOR OF SCIENCE (GEOMATIC ENGINEERING),Degree,JOMO KENYATTA UNIVERSITY OF AGRICULTURE AND TECHNOLOGY,33.669,33.464,29.483,37.699
BACHELOR OF SCIENCE IN GEOMATICS AND GEOSPATIAL INFORMATION SYSTEMS,Degree,DEDAN KIMATHI UNIVERSITY OF TECHNOLOGY,,15.683,32.149,31.247
BACHELOR OF SCIENCE IN STATISTICS AND INFORMATION TECHNOLOGY,Degree,CO-OPERATIVE UNIVERSITY OF KENYA,23.275,18.814,18.638,19.223
BACHELOR OF SCIENCE IN STATISTICS AND PROGRAMMING,Degree,MACHAKOS UNIVERSITY,,18.814,18.638,19.223
BACHELOR OF SCIENCE IN ANIMAL PRODUCTS TECHNOLOGY,Degree,CHUKA UNIVERSITY,,15.864,17.043,17.459
BACHELOR OF SCIENCE IN HEALTH RECORDS AND INFORMATION MANAGEMENT,Degree,CHUKA UNIVERSITY,,24.991,28.565,26.175
BACHELOR OF SCIENCE IN HEALTH RECORDS AND INFORMATION MANAGEMENT,Degree,AMREF INTERNATIONAL UNIVERSITY,,15.864,,
BACHELOR OF SCIENCE IN HEALTH RECORDS AND INFORMATION TECHNOLOGY,Degree,MOUNT KENYA UNIVERSITY,,15.864,17.043,25.58
BACHELOR OF SCIENCE (HEALTH RECORDS AND INFORMATION TECHNOLOGY),Degree,SOUTH EASTERN KENYA UNIVERSITY,,15.864,24.322,17.459
BACHELOR OF SCIENCE ( HEALTH RECORDS AND INFORMATION MANAGEMENT),Degree,KENYATTA UNIVERSITY - MAMA NGINA UNIVERSITY COLLEGE,,27.15,25.999,
BACHELOR OF ARTS IN COMMUNICATION STUDIES,Degree,CHUKA UNIVERSITY,,22.449,24.891,22.926
BACHELOR OF APPLIED COMMUNICATION,Degree,MULTIMEDIA UNIVERSITY OF KENYA,,22.449,24.101,24.873
BACHELOR OF HOTEL MANAGEMENT,Degree,CHUKA UNIVERSITY,22.257,21.375,25.907,22.544
BACHELOR OF CATERING AND HOSPITALITY MANAGEMENT,Degree,CO-OPERATIVE UNIVERSITY OF KENYA,28.062,26.904,28.764,27.457
BACHELOR OF HOTEL MANAGEMENT,Degree,THARAKA UNIVERSITY,22.406,24.269,24.477,22.544
BACHELOR OF SCIENCE IN COMPUTER SYSTEMS ENGINEERING,Degree,KIRINYAGA UNIVERSITY,,15.683,15.982,16.787
BACHELOR OF SCIENCE (ELECTRONIC AND COMPUTER ENGINEERING),Degree,JOMO KENYATTA UNIVERSITY OF AGRICULTURE AND TECHNOLOGY,40.33,40.823,39.921,39.505
"BACHELOR OF TECHNOLOGY IN WATER, IRRIGATION AND ENVIRONMENTAL ENGINEERING",Degree,KIRINYAGA UNIVERSITY,,15.683,15.982,16.787
BACHELOR OF TECHNOLOGY IN MECHANICAL VENTILATION AND AIR CONDITIONING,Degree,KIRINYAGA UNIVERSITY,,15.683,15.982,16.787
BACHELOR OF SCIENCE IN ENVIRONMENTAL RESOURCE MANAGEMENT,Degree,AFRICA NAZARENE UNIVERSITY,,15.864,17.043,
BACHELOR OF SCIENCE IN ENVIRONMENTAL MANAGEMENT AND CONSERVATION,Degree,TURKANA UNIVERSITY COLLEGE,,15.864,17.043,17.459
BACHELOR OF SCIENCE (ENVIRONMENTAL MANAGEMENT),Degree,SOUTH EASTERN KENYA UNIVERSITY,,15.864,17.043,17.459
"BACHELOR OF ARTS (GENDER, WOMEN AND DEVELOPMENT STUDIES)",Degree,EGERTON UNIVERSITY,,22.449,22.916,22.926
BACHELOR OF SCIENCE IN DRYLAND RESOURCE MANAGEMENT,Degree,EGERTON UNIVERSITY,,15.864,17.043,17.459
"BACHELOR OF SCIENCE (DRY LAND, AGRICULTURE & ENTERPRISE DEVELOPMENT)",Degree,KENYATTA UNIVERSITY,,15.864,17.043,17.459
BACHELOR OF SCIENCE (DRYLAND AGRICULTURE),Degree,LUKENYA UNIVERSITY,,15.864,17.043,17.459
BACHELOR OF SCIENCE (DRYLAND AGRICULTURE),Degree,PWANI UNIVERSITY,,15.864,17.043,17.459
BACHELOR OF MUSIC THEORY AND COMPOSITION,Degree,KABARAK UNIVERSITY,,23.417,22.829,23.07
BACHELOR OF MUSIC,Degree,TECHNICAL UNIVERSITY OF KENYA,,23.417,26.195,23.07
BACHELOR OF MUSIC,Degree,KENYATTA UNIVERSITY,,25.152,29.138,24.804
BACHELOR OF MUSIC PRODUCTION TECHNOLOGY,Degree,KABARAK UNIVERSITY,,23.417,22.829,23.07
BACHELOR OF MUSIC (TECHNOLOGY),Degree,KENYATTA UNIVERSITY,,23.417,22.829,23.07
BACHELOR OF TECHNOLOGY IN BUILDING CONSTRUCTION,Degree,MASINDE MULIRO UNIVERSITY OF SCIENCE & TECHNOLOGY,29.989,27.912,34.311,32.465
BACHELOR OF TECHNOLOGY IN CONSTRUCTION MANAGEMENT,Degree,KIRINYAGA UNIVERSITY,,18.392,18.692,
BACHELOR OF TECHNOLOGY IN BUILDING CONSTRUCTION,Degree,DEDAN KIMATHI UNIVERSITY OF TECHNOLOGY,28.866,28.73,34.67,35.334
BACHELOR OF TECHNOLOGY (BUILDING CONSTRUCTION),Degree,TECHNICAL UNIVERSITY OF KENYA,32.502,32.452,35.865,36.75
BACHELOR OF SCIENCE IN LABORATORY SCIENCES,Degree,KENYA METHODIST UNIVERSITY,25.065,27.126,23.953,34.621
BACHELOR OF SCIENCE (LABORATORY SCIENCE AND TECHNOLOGY),Degree,KISII UNIVERSITY,24.078,24.939,28.499,29.132
BACHELOR OF SCIENCE (AGRICULTURAL EXTENSION AND RURAL DEVELOPMENT),Degree,KISII UNIVERSITY,28.682,21.858,17.043,17.459
BACHELOR OF SCIENCE (AGRICULTURAL EDUCATION AND EXTENSION),Degree,UNIVERSITY OF KABIANGA,28.771,21.858,23.891,26.191
BACHELOR OF EDUCATION IN TECHNOLOGY (BUILDING & CIVIL TECHNOLOGY),Degree,MASINDE MULIRO UNIVERSITY OF SCIENCE & TECHNOLOGY,,26.583,29.236,16.787
BACHELOR OF EDUCATION IN TECHNOLOGY (CIVIL ENGINEERING),Degree,DEDAN KIMATHI UNIVERSITY OF TECHNOLOGY,,27.847,30.763,16.787
BACHELOR OF EDUCATION TECHNOLOGY (CIVIL ENGINEERING),Degree,MERU UNIVERSITY OF SCIENCE AND TECHNOLOGY,,29.437,24.909,16.787
BACHELOR OF EDUCATION IN TECHNOLOGY (ELECTRICAL & ELECTRONIC TECHNOLOGY),Degree,MASINDE MULIRO UNIVERSITY OF SCIENCE & TECHNOLOGY,26.21,29.832,29.271,16.787
BACHELOR OF EDUCATION TECHNOLOGY (ELECTRICAL & ELECTRONICS ENGINEERING),Degree,MERU UNIVERSITY OF SCIENCE AND TECHNOLOGY,,27.147,27.595,16.787
BACHELOR OF EDUCATION IN TECHNOLOGY (ELECTRICAL & ELECTRONIC ENGINEERING),Degree,DEDAN KIMATHI UNIVERSITY OF TECHNOLOGY,27.944,25.702,31.808,16.787
BACHELOR OF EDUCATION IN TECHNOLOGY (MECHANICALTECHNOLOGY),Degree,MASINDE MULIRO UNIVERSITY OF SCIENCE & TECHNOLOGY,,25.753,27.664,16.787
BACHELOR OF EDUCATION IN TECHNOLOGY (MECHANICAL ENGINEERING),Degree,DEDAN KIMATHI UNIVERSITY OF TECHNOLOGY,,27.517,29.667,16.787
BACHELOR OF EDUCATION TECHNOLOGY (MECHANICAL ENGINEERING),Degree,MERU UNIVERSITY OF SCIENCE AND TECHNOLOGY,,15.683,24.377,16.787
BACHELOR OF ARTS PERFORMING ARTS AND FILM TECHNOLOGY,Degree,KCA UNIVERSITY,,22.449,22.916,26.725
BACHELOR OF ARTS (THEATER ARTS & FILM TECHNOLOGY),Degree,KENYATTA UNIVERSITY,27.17,23.977,30.14,30.322
"BACHELOR OF ARTS (DRAMA AND THEATRE STUDIES, WITH IT)",Degree,MASENO UNIVERSITY,22.76,22.449,22.916,22.926
BACHELOR OF SCIENCE (HEALTH PROMOTION AND SPORTS SCIENCE),Degree,MASINDE MULIRO UNIVERSITY OF SCIENCE & TECHNOLOGY,,19.92,20.402,20.72
BACHELOR OF SCIENCE (HEALTH PROMOTION),Degree,KENYATTA UNIVERSITY,21.845,19.92,26.232,26.063
BACHELOR OF TECHNOLOGY (TELECOMMUNICATION AND INFORMATION ENGINEERING),Degree,KIRINYAGA UNIVERSITY,,15.683,15.982,16.787
BACHELOR OF SCIENCE (GEOPHYSICS AND MINERALOGY),Degree,KISII UNIVERSITY,,15.683,17.363,17.802
BACHELOR OF INDUSTRIAL TECHNOLOGY,Degree,EGERTON UNIVERSITY,,15.683,15.982,16.787
BACHELOR OF SCIENCE IN GAMING AND ANIMATION TECHNOLOGY,Degree,KCA UNIVERSITY,23.169,24.373,,
"BACHELOR OF SCIENCE IN ENVIRONMENT, LANDS AND SUSTAINABLE INFRASTRUCTURE",Degree,CO-OPERATIVE UNIVERSITY OF KENYA,,15.864,17.043,17.459
BACHELOR OF ARTS IN MEDIA AND COMMUNICATION STUDIES,Degree,UNIVERSITY OF EMBU,25.771,24.75,29.04,
BACHELOR OF ARTS IN MASS MEDIA AND COMMUNICATION,Degree,MOUNT KENYA UNIVERSITY,,25.054,28.003,31.829
BACHELOR OF ACCOUNTING,Degree,UNIVERSITY OF EMBU,29.169,27.443,19.914,
BACHELOR OF ACCOUNTING AND FINANCE,Degree,ZETECH UNIVERSITY,,18.831,19.914,20.1
BACHELOR OF ACCOUNTANCY AND FINANCIAL MANAGEMENT,Degree,AFRICA INTERNATIONAL UNIVERSITY,,18.831,19.914,20.1
"BACHELOR OF SCIENCE IN MARKETING, INNOVATION AND TECHNOLOGY",Degree,CO-OPERATIVE UNIVERSITY OF KENYA,,21.375,21.444,22.544
BACHELOR OF SCIENCE IN BUSINESS INNOVATION AND TECHNOLOGY MANAGEMENT,Degree,JOMO KENYATTA UNIVERSITY OF AGRICULTURE AND TECHNOLOGY,,21.375,21.444,22.544
BACHELOR OF SCIENCE IN ENVIRONMENTAL ECONOMICS AND POLICY,Degree,CO-OPERATIVE UNIVERSITY OF KENYA,,15.864,17.043,17.459
BACHELOR OF ENVIRONMENTAL PLANNING & MANAGEMENT,Degree,PWANI UNIVERSITY,,15.864,17.043,17.459
BACHELOR OF ENVIRONMENTAL PLANNING & MANAGEMENT,Degree,UNIVERSITY OF ELDORET,,15.864,,
BACHELOR OF ENVIRONMENTAL PLANNING & MANAGEMENT,Degree,KENYATTA UNIVERSITY,20.715,15.864,27.669,17.459
BACHELOR OF SCIENCE (ENVIRONMENTAL MANAGEMENT),Degree,MAASAI MARA UNIVERSITY,,15.864,,
BACHELOR OF ARTS IN ENVIRONMENTAL PLANNING AND MANAGEMENT,Degree,CATHOLIC UNIVERSITY OF EASTERN AFRICA,,15.864,17.043,17.459
BACHELOR OF SCIENCE (MATHEMATICS WITH COMPUTING),Degree,UNIVERSITY OF EMBU,,18.814,18.638,19.223
BACHELOR OF SCIENCE (MATHEMATICS WITH COMPUTING),Degree,KISII UNIVERSITY,,18.814,18.638,19.223
BACHELOR OF SCIENCE (WATER AND ENVIRONMENTAL ENGINEERING),Degree,EGERTON UNIVERSITY,,15.683,15.982,16.787
BACHELOR OF SCIENCE (WATER AND ENVIRONMENTAL ENGINEERING),Degree,JOMO KENYATTA UNIVERSITY OF AGRICULTURE AND TECHNOLOGY,,15.683,15.982,16.787
BACHELOR OF SCIENCE IN SOIL ENVIRONMENT & LAND USE MANAGEMENT),Degree,EGERTON UNIVERSITY,,15.864,17.043,17.459
BACHELOR OF INFORMATION SCIENCE,Degree,KISII UNIVERSITY,,21.375,21.444,22.544
BACHELOR OF INFORMATION SCIENCE,Degree,UNIVERSITY OF NAIROBI,,21.375,21.444,22.544
BACHELOR OF ARTS IN KISWAHILI AND GEOGRAPHY,Degree,CHUKA UNIVERSITY,20.148,18.144,28.304,26.516
BACHELOR OF TECHNOLOGY IN COSMETOLOGY AND BEAUTY SCIENCE,Degree,MASINDE MULIRO UNIVERSITY OF SCIENCE & TECHNOLOGY,22.885,22.449,25.705,22.926
BACHELOR OF TECHNOLOGY IN APPLIED PHYSICS (ELECTRONICS & INSTRUMENTATION),Degree,TECHNICAL UNIVERSITY OF MOMBASA,,15.683,15.982,16.787
BACHELOR OF TECHNOLOGY IN ELECTRICAL AND COMPUTER ENGINEERING,Degree,KIRINYAGA UNIVERSITY,,15.683,15.982,16.787
BACHELOR OF TECHNOLOGY IN RENEWABLE ENERGY & ENVIRONMENTAL PHYSICS,Degree,TECHNICAL UNIVERSITY OF MOMBASA,,15.683,15.982,16.787
BACHELOR OF TECHNOLOGY IN RENEWABLE ENERGY,Degree,KIRINYAGA UNIVERSITY,,,15.982,16.787
"BACHELOR OF TECHNOLOGY IN WATER, SANITATION AND HABITAT ENGINEERING",Degree,KIRINYAGA UNIVERSITY,,15.683,15.982,16.787
BACHELOR OF TECHNOLOGY IN INSTRUMENTATION & CONTROL ENGINEERING,Degree,KIRINYAGA UNIVERSITY,,15.683,15.982,16.787
BACHELOR OF SCIENCE (MINING PHYSICS),Degree,CHUKA UNIVERSITY,,15.683,17.363,17.802
BACHELOR OF ENGINEERING PHYSICS,Degree,CHUKA UNIVERSITY,,15.683,15.982,16.787
BACHELOR OF SCIENCE IN INFORMATION SYSTEMS AND KNOWLEDGE MANAGEMENT,Degree,MASINDE MULIRO UNIVERSITY OF SCIENCE & TECHNOLOGY,,,21.444,22.544
BACHELOR OF SCIENCE IN INFORMATION SYSTEMS AND KNOWLEDGE MANAGEMENT,Degree,KAIMOSI FRIENDS UNIVERSITY,,,21.444,22.544
BACHELOR OF ARTS IN CHAPLAINCY,Degree,KABARAK UNIVERSITY,,20.93,19.67,19.956
BACHELOR OF SCIENCE IN APPLIED STATISTICS AND DATA SCIENCE,Degree,CO-OPERATIVE UNIVERSITY OF KENYA,24.213,18.814,18.638,19.223
BACHELOR OF TECHNICAL EDUCATION,Degree,KIRINYAGA UNIVERSITY,,15.683,15.982,
BACHELOR OF EDUCATION (TECHNOLOGY EDUCATION),Degree,MOI UNIVERSITY,,15.683,15.982,16.787
BACHELOR OF EDUCATION (TECHNOLOGY EDUCATION),Degree,UNIVERSITY OF ELDORET,,15.683,22.846,16.787
BACHELOR OF EDUCATION SCIENCE,Degree,KIRINYAGA UNIVERSITY,29.343,28.513,24.063,
BACHELOR OF ECONOMICS AND MATHEMATICS,Degree,KIRINYAGA UNIVERSITY,,18.831,,
BACHELOR OF TECHNOLOGY IN HOSPITALITY MANAGEMENT,Degree,TECHNICAL UNIVERSITY OF MOMBASA,22.771,21.375,23.636,24.417
BACHELOR OF SCIENCE (WATER RESOURCES AND ENVIRONMENT MANAGEMENT),Degree,JARAMOGI OGINGA ODINGA UNIVERSITY OF SCIENCE AND TECHNOLOGY,,15.864,17.043,17.459
BACHELOR OF VETERINARY MEDICINE AND SURGERY,Degree,EGERTON UNIVERSITY,36.836,38.317,38.443,36.55
BACHELOR OF VETERINARY MEDICINE,Degree,UNIVERSITY OF NAIROBI,37.826,37.747,39.091,38.263
BACHELOR OF SCIENCE (DISASTER PREPAREDNESS AND ENVIRONMENTALTECHNOLOGY),Degree,MASINDE MULIRO UNIVERSITY OF SCIENCE & TECHNOLOGY,,22.449,22.916,22.926
BACHELOR OF SCIENCE (RENEWABLE ENERGY TECHNOLOGY),Degree,MASINDE MULIRO UNIVERSITY OF SCIENCE & TECHNOLOGY,,15.683,15.982,16.787
BACHELOR OF SCIENCE IN RENEWABLE ENERGY AND TECHNOLOGY,Degree,MULTIMEDIA UNIVERSITY OF KENYA,,15.683,15.982,16.787
BACHELOR OF SCIENCE IN RENEWABLE ENERGY TECHNOLOGY,Degree,TURKANA UNIVERSITY COLLEGE,,15.683,15.982,16.787
BACHELOR OF SCIENCE (ACCOUNTING),Degree,MASINDE MULIRO UNIVERSITY OF SCIENCE & TECHNOLOGY,27.98,26.666,19.914,28.181
BACHELOR OF SCIENCE IN APPLIED ACCOUNTING,Degree,MERU UNIVERSITY OF SCIENCE AND TECHNOLOGY,23.215,18.831,19.914,20.1
BACHELOR OF SCIENCE (ACCOUNTANCY),Degree,TECHNICAL UNIVERSITY OF KENYA,35.097,37.185,36.475,37.14
BACHELOR OF ARTS (DISASTER MANAGEMENT AND PEACE STUDIES),Degree,MASINDE MULIRO UNIVERSITY OF SCIENCE & TECHNOLOGY,,22.449,22.916,22.926
BACHELOR OF ARTS (SOCIOLOGY & RELIGIOUS STUDIES),Degree,EGERTON UNIVERSITY,,20.93,19.67,19.956
BACHELOR OF ARTS IN RELIGION,Degree,MAASAI MARA UNIVERSITY,,20.93,,
BACHELOR OF SCIENCE IN CHEMISTRY,Degree,KISII UNIVERSITY,,15.683,15.982,16.787
"BACHELOR OF SCIENCE CHEMISTRY ( INORGANIC, PHYSICAL AND ORGANIC OPTIONS)",Degree,MERU UNIVERSITY OF SCIENCE AND TECHNOLOGY,,15.683,,16.787
BACHELOR OF SCIENCE IN NETWORKS AND COMMUNICATION SYSTEMS,Degree,"UNIVERSITY OF EASTERN AFRICA, BARATON",,18.814,18.638,19.223
BACHELOR OF SCIENCE (BIOSTATISTICS),Degree,JOMO KENYATTA UNIVERSITY OF AGRICULTURE AND TECHNOLOGY,24.755,25.775,27.028,26.32
BACHELOR OF SCIENCE IN COMPUTER INFORMATION SYSTEMS,Degree,KENYA METHODIST UNIVERSITY,,18.814,,19.223
BACHELOR OF TECHNOLOGY IN APPLIED CHEMISTRY (ANALYTICAL AND INDUSTRIAL OPTIONS),Degree,TECHNICAL UNIVERSITY OF MOMBASA,,15.683,15.982,16.787
BACHELOR OF MEDICAL LABORATORY SCIENCES,Degree,TECHNICAL UNIVERSITY OF MOMBASA,33.187,35.897,35.103,33.589
BACHELOR OF TECHNOLOGY (MEDICAL LABORATORY SCIENCE),Degree,TECHNICAL UNIVERSITY OF KENYA,35.835,38.712,37.612,37.268
BACHELOR OF ARTS IN JOURNALISM AND DIGITAL MEDIA,Degree,KCA UNIVERSITY,,22.449,24.51,29.637
BACHELOR OF ARTS IN JOURNALISM AND DIGITAL MEDIA,Degree,MURANG'A UNIVERSITY OF TECHNOLOGY,26.578,24.027,29.349,28.786
BACHELOR OF SCIENCE IN PUBLIC MANAGEMENT,Degree,KCA UNIVERSITY,,22.449,22.916,22.926
BACHELOR OF SCIENCE (PUBLIC MANAGEMENT AND DEVELOPMENT),Degree,JOMO KENYATTA UNIVERSITY OF AGRICULTURE AND TECHNOLOGY,26.936,22.449,29.989,28.394
BACHELOR OF SCIENCE IN BIOSAFETY AND BIOSECURITY,Degree,MASINDE MULIRO UNIVERSITY OF SCIENCE & TECHNOLOGY,,15.683,,
BACHELOR OF SCIENCE IN RANGELAND ECOSYSTEM MANAGEMENT,Degree,TAITA TAVETA UNIVERSITY,,16.274,,
"BACHELOR OF EDUCATION (FRENCH, WITH IT)",Degree,TOM MBOYA UNIVERSITY,,,22.358,22.636
"BACHELOR OF EDUCATION (FRENCH, WITH IT)",Degree,MASENO UNIVERSITY,27.515,26.243,27.406,22.636
BACHELOR OF SCIENCE IN NUTRITION AND DIETETICS,Degree,MOUNT KENYA UNIVERSITY,,15.864,17.043,17.459
BACHELOR OF SCIENCE IN NUTRITION AND DIETETICS,Degree,DEDAN KIMATHI UNIVERSITY OF TECHNOLOGY,,25.282,30.595,26.891
"BACHELOR OF SCIENCE IN FOODS, NUTRITION AND DIETETICS",Degree,"UNIVERSITY OF EASTERN AFRICA, BARATON",,15.864,17.043,17.459
BACHELOR OF SCIENCE IN COMMUNITY NUTRITION AND HEALTH DEVELOPMENT,Degree,GREAT LAKES UNIVERSITY OF KISUMU,,15.864,17.043,17.459
BACHELOR OF SCIENCE (ANIMAL PRODUCTION & HEALTH MANAGEMENT),Degree,PWANI UNIVERSITY,,15.864,17.043,17.459
BACHELOR OF SCIENCE (ANIMAL PRODUCTION & HEALTH MANAGEMENT),Degree,KENYATTA UNIVERSITY,29.526,25.421,31.296,28.985
BACHELOR OF SCIENCE (ANIMAL HEALTH & PRODUCTION),Degree,MAASAI MARA UNIVERSITY,23.477,15.864,27.403,17.459
BACHELOR OF SCIENCE (ANIMAL HEALTH AND PRODUCTION),Degree,MERU UNIVERSITY OF SCIENCE AND TECHNOLOGY,,24.972,25.625,17.459
BACHELOR OF TECHNOLOGY (HOTEL AND RESTAURANT MANAGEMENT),Degree,TECHNICAL UNIVERSITY OF KENYA,24.85,24.783,27.947,27.084
BACHELOR OF SCIENCE IN FORESTRY ECOSYSTEM MANAGEMENT,Degree,MAASAI MARA UNIVERSITY,,,17.043,17.459
BACHELOR OF SCIENCE IN FORESTRY,Degree,SOUTH EASTERN KENYA UNIVERSITY,,15.864,17.043,17.459
BACHELOR OF PUBLIC POLICY AND ADMINISTRATION,Degree,KENYATTA UNIVERSITY - MAMA NGINA UNIVERSITY COLLEGE,22.152,22.449,25.661,
BACHELOR OF PUBLIC POLICY AND ADMINISTRATION,Degree,KENYATTA UNIVERSITY,30.243,28.342,32.94,32.182
BACHELOR OF ARTS IN ANTHROPOLOGY,Degree,CATHOLIC UNIVERSITY OF EASTERN AFRICA,,22.449,22.916,22.926
BACHELOR OF ARTS IN ANTHROPOLOGY,Degree,PWANI UNIVERSITY,,22.449,22.916,22.926
BACHELOR OF ARTS (ANTHROPOLOGY),Degree,UNIVERSITY OF NAIROBI,,22.449,22.916,22.926
BACHELOR OF ENGINEERING (GEOSPATIAL ENGINEERING),Degree,TECHNICAL UNIVERSITY OF KENYA,35.033,34.502,37.616,37.992
BACHELOR OF SCIENCE (GEOSPATIAL ENGINEERING),Degree,UNIVERSITY OF NAIROBI,36.025,35.105,38.483,36.625
BACHELOR OF SCIENCE (MARINE ENGINEERING),Degree,JOMO KENYATTA UNIVERSITY OF AGRICULTURE AND TECHNOLOGY,35.744,35.669,37.795,35.992
BACHELOR OF ENVIRONMENTAL STUDIES AND COMMUNITY DEVELOPMENT,Degree,KENYATTA UNIVERSITY - MAMA NGINA UNIVERSITY COLLEGE,,15.864,17.043,17.459
BACHELOR OF ENVIRONMENTAL STUDIES AND COMMUNITY DEVELOPMENT,Degree,KENYATTA UNIVERSITY,,15.864,17.043,17.459
BACHELOR OF ENVIRONMENTAL STUDIES (COMMUNITY DEVELOPMENT),Degree,PWANI UNIVERSITY,,15.864,17.043,17.459
BACHELOR OF ENVIRONMENTAL STUDIES (ARTS),Degree,UNIVERSITY OF ELDORET,,15.864,17.043,17.459
BACHELOR OF ENVIRONMENTAL STUDIES,Degree,UNIVERSITY OF KABIANGA,,15.864,17.043,17.459
BACHELOR OF SCIENCE IN ENTOMOLOGY AND PARASITOLOGY,Degree,UNIVERSITY OF ELDORET,,15.683,,
BACHELOR OF SCIENCE (CROP PROTECTION),Degree,JOMO KENYATTA UNIVERSITY OF AGRICULTURE AND TECHNOLOGY,,15.864,17.043,
BACHELOR OF SCIENCE (CROP PROTECTION),Degree,MERU UNIVERSITY OF SCIENCE AND TECHNOLOGY,,15.864,17.043,
BACHELOR OF TECHNOLOGY (INDUSTRIAL AND APPLIED CHEMISTRY),Degree,TECHNICAL UNIVERSITY OF KENYA,,25.448,25.966,24.649
BACHELOR OF SCIENCE (STRATEGIC MANAGEMENT),Degree,MOI UNIVERSITY,,21.375,21.444,22.544
BACHELOR OF SCIENCE (STRATEGIC MANAGEMENT),Degree,JOMO KENYATTA UNIVERSITY OF AGRICULTURE AND TECHNOLOGY,,21.375,21.444,22.544
BACHELOR OF EDUCATION (ARTS) FINE ART,Degree,KENYATTA UNIVERSITY,26.802,27.035,27.477,27.521
BACHELOR OF SCIENCE IN MEDICAL MICROBIOLOGY,Degree,MERU UNIVERSITY OF SCIENCE AND TECHNOLOGY,,15.683,16.974,17.459
BACHELOR OF SCIENCE (MEDICAL MICROBIOLOGY),Degree,JOMO KENYATTA UNIVERSITY OF AGRICULTURE AND TECHNOLOGY,23.852,24.6,27.223,30.8
"BACHELOR OF ARTS IN DESIGN (INTERIOR DESIGN, WITH IT)",Degree,MASENO UNIVERSITY,21.3,15.864,28.559,23.168
BACHELOR OF ARTS INTERIOR DESIGN,Degree,UNIVERSITY OF NAIROBI,32.597,34.667,35.659,35.648
BACHELOR OF SCIENCE (LAND RESOURCE PLANNING & MANAGEMENT),Degree,JOMO KENYATTA UNIVERSITY OF AGRICULTURE AND TECHNOLOGY,,15.864,17.043,17.459
BACHELOR OF SCIENCE (MICROPROCESSOR TECHNOLOGY AND INSTRUMENTATION),Degree,UNIVERSITY OF NAIROBI,,15.683,30.773,26.775
BACHELOR OF SCIENCE (INDUSTRIAL MATHEMATICS),Degree,JOMO KENYATTA UNIVERSITY OF AGRICULTURE AND TECHNOLOGY,,18.831,19.914,20.1
BACHELOR OF SCIENCE (GEOPHYSICS),Degree,JOMO KENYATTA UNIVERSITY OF AGRICULTURE AND TECHNOLOGY,,15.683,17.363,17.802
BACHELOR OF SPORTS SCIENCE & MANAGEMENT,Degree,LAIKIPIA UNIVERSITY,,19.92,20.402,20.72
BACHELOR OF SPORTS MANAGEMENT,Degree,MOI UNIVERSITY,,19.92,20.402,20.72
BACHELOR OF SCIENCE IN ELECTRONICS,Degree,"UNIVERSITY OF EASTERN AFRICA, BARATON",,15.683,15.982,16.787
BACHELOR OF SCIENCE (FINANCE),Degree,KOITALEEL SAMOEI UNIVERSITY COLLEGE,,18.831,,
BACHELOR OF ARTS (ENGLISH & COMMUNICATION),Degree,LAIKIPIA UNIVERSITY,,22.449,22.916,22.926
BACHELOR OF SCIENCE IN FINANCE AND STATISTICS,Degree,MOUNT KENYA UNIVERSITY,,18.831,19.914,20.1
"BACHELOR OF ARTS (URBAN AND REGIONAL PLANNING, WITH IT)",Degree,MASENO UNIVERSITY,,18.392,18.692,19.039
BACHELOR OF SCIENCE IN AGRIBUSINESS ECONOMICS AND FOOD INDUSTRY MANAGEMENT,Degree,JOMO KENYATTA UNIVERSITY OF AGRICULTURE AND TECHNOLOGY,,15.864,16.974,22.002
BACHELOR OF CONSTRUCTION MANAGEMENT,Degree,UNIVERSITY OF NAIROBI,34.163,30.243,37.326,36.098
BACHELOR OF CONSTRUCTION MANAGEMENT,Degree,JOMO KENYATTA UNIVERSITY OF AGRICULTURE AND TECHNOLOGY,34.616,32.379,37.78,37.062
BACHELOR OF SCIENCE (FOOD SCIENCE AND NUTRITION),Degree,JOMO KENYATTA UNIVERSITY OF AGRICULTURE AND TECHNOLOGY,,15.864,24.544,17.459
BACHELOR OF SCIENCE (FOOD SCIENCE & NUTRITION),Degree,UNIVERSITY OF ELDORET,,15.864,17.043,17.459
BACHELOR OF SCIENCE (TELECOMMUNICATION AND INFORMATION ENGINEERING),Degree,JOMO KENYATTA UNIVERSITY OF AGRICULTURE AND TECHNOLOGY,38.053,37.472,39.652,38.147
BACHELOR OF SCIENCE (TELECOMMUNICATION AND INFORMATION ENGINEERING),Degree,DEDAN KIMATHI UNIVERSITY OF TECHNOLOGY,26.288,27.909,33.82,33.333
BACHELOR OF SCIENCE (TELECOMMUNICATION & INFORM. TECH),Degree,PWANI UNIVERSITY,,15.683,15.982,27.625
BACHELOR OF SCIENCE (TELECOMMUNICATION & INFORM. TECH),Degree,KENYATTA UNIVERSITY,27.365,29.104,37.241,36.572
BACHELOR OF JUSTICE AND PEACE,Degree,CATHOLIC UNIVERSITY OF EASTERN AFRICA,,22.449,22.916,22.926
BACHELOR OF ARTS (HUMAN RIGHTS),Degree,UNIVERSITY OF KABIANGA,,22.449,22.916,22.926
BACHELOR OF ARTS (PEACE EDUCATION),Degree,LAIKIPIA UNIVERSITY,,22.449,22.916,22.926
BACHELOR OF FILM PRODUCTION AND ANIMATION,Degree,MULTIMEDIA UNIVERSITY OF KENYA,26.027,26.903,30.864,29.308
BACHELOR OF FILM AND ANIMATION STUDIES,Degree,MOUNT KENYA UNIVERSITY,,22.449,28.01,28.056
BACHELOR OF SCIENCE IN MATERIALS AND METALLURGICAL ENGINEERING,Degree,JOMO KENYATTA UNIVERSITY OF AGRICULTURE AND TECHNOLOGY,,15.683,15.982,
BACHELOR OF SCIENCE (INFORMATION SYSTEMS),Degree,MASENO UNIVERSITY,,21.375,21.444,22.544
BACHELOR OF JOURNALISM,Degree,ZETECH UNIVERSITY,,22.449,22.916,24.57
BACHELOR OF JOURNALISM,Degree,JOMO KENYATTA UNIVERSITY OF AGRICULTURE AND TECHNOLOGY,30.976,29.749,33.837,32.312
BACHELOR OF JOURNALISM,Degree,MULTIMEDIA UNIVERSITY OF KENYA,30.494,29.043,33.246,32.665
BACHELOR OF SCIENCE (ENVIRONMENTAL HORTICULTURE & LANDSCAPING TECHNOLOGY),Degree,JOMO KENYATTA UNIVERSITY OF AGRICULTURE AND TECHNOLOGY,,15.864,17.043,17.459
BACHELOR OF SCIENCE IN APPLIED ANIMAL LABORATORY SCIENCE,Degree,UNIVERSITY OF ELDORET,,15.864,,
"BACHELOR OF ARTS IN LITERATURE, THEATRE AND FILM",Degree,MAASAI MARA UNIVERSITY,,22.449,22.916,22.926
BACHELOR OF SCIENCE IN APPLIED OPTICS AND LASERS,Degree,MULTIMEDIA UNIVERSITY OF KENYA,,15.683,15.982,16.787
BACHELOR OF ENGINEERING (ELECTRICAL AND ELECTRONIC ENGINEERING),Degree,TECHNICAL UNIVERSITY OF KENYA,36.409,38.208,37.077,39.67
BACHELOR OF ENGINEERING (ELECTRICAL AND ELECTRONICS ENGINEERING),Degree,MOI UNIVERSITY,,36.366,35.911,32.034
BA IN BIBLICAL STUDIES,Degree,KENYA ASSEMBLIES OF GOD EAST UNIVERSITY,,20.93,19.67,19.956
BACHELOR OF EDUCATION WITH GUIDANCE AND COUNSELLING,Degree,UNIVERSITY OF KABIANGA,26.219,23.873,22.358,22.636
BACHELOR OF EDUCATION (GUIDANCE AND COUNSELLING),Degree,BOMET UNIVERSITY COLLEGE,23.784,24.411,22.358,22.636
BACHELOR OF EDUCATION (GUIDANCE AND COUNSELLING),Degree,MOI UNIVERSITY,22.571,24.285,24.331,22.636
BACHELOR OF EDUCATION (GUIDANCE AND COUNSELLING),Degree,KARATINA UNIVERSITY,25.039,23.439,22.358,22.636
BACHELOR OF EDUCATION (ARTS) WITH GUIDANCE AND COUNSELLING,Degree,MAASAI MARA UNIVERSITY,25.485,23.433,22.358,22.636
BACHELOR OF ARTS IN CHILDCARE AND PROTECTION,Degree,PWANI UNIVERSITY,,22.449,22.916,22.926
BACHELOR OF ARTS IN CHILD AND YOUTH STUDIES,Degree,TANGAZA UNIVERSITY,,22.449,22.916,22.926
BACHELOR OF SCIENCE IN AGRICULTURAL ECONOMICS AND RURAL DEVELOPMENT,Degree,MURANG'A UNIVERSITY OF TECHNOLOGY,,15.864,,
BACHELOR OF FINANCIAL ECONOMICS,Degree,MOI UNIVERSITY,,18.831,19.914,20.1
BACHELOR OF SCIENCE IN FINANCIAL ECONOMICS,Degree,MAASAI MARA UNIVERSITY,,18.831,19.914,20.1
BACHELOR OF SCIENCE (PUBLIC HEALTH),Degree,ALUPE UNIVERSITY,26.839,,,
BACHELOR OF SCIENCE (POPULATION HEALTH),Degree,KENYATTA UNIVERSITY - MAMA NGINA UNIVERSITY COLLEGE,26.558,28.396,27.407,
BACHELOR OF SCIENCE (POPULATION HEALTH),Degree,SOUTH EASTERN KENYA UNIVERSITY,,15.864,26.929,17.459
BACHELOR OF SCIENCE (POPULATION HEALTH),Degree,KENYATTA UNIVERSITY,28.251,25.6,34.642,33.296
BACHELOR OF EDUCATION (ARTS) MUSIC,Degree,KENYATTA UNIVERSITY,27.894,27.617,29.441,29.024
"BACHELOR OF EDUCATION (MUSIC, WITH IT)",Degree,MASENO UNIVERSITY,24.951,21.858,22.358,22.636
BACHELOR OF BUSINESS MANAGEMENT (CIVIL AVIATION MANAGEMENT),Degree,MOI UNIVERSITY,,21.375,21.444,22.544
BACHELOR OF ENGINEERING (AERONAUTICAL ENGINEERING),Degree,TECHNICAL UNIVERSITY OF KENYA,42.162,43.316,43.028,41.471
BACHELOR OF REAL ESTATE,Degree,UNIVERSITY OF NAIROBI,21.077,33.529,36.881,36.648
BACHELOR OF REAL ESTATE,Degree,JOMO KENYATTA UNIVERSITY OF AGRICULTURE AND TECHNOLOGY,32.676,32.654,35.982,35.53
BACHELOR OF SCIENCE (REAL ESTATE),Degree,KENYATTA UNIVERSITY,29.68,32.041,34.531,36.25
BACHELOR OF TECHNOLOGY (PROPERTY MANAGEMENT AND REAL ESTATE),Degree,TECHNICAL UNIVERSITY OF KENYA,27.402,29.49,33.889,34.919
BACHELOR OF EDUCATION (PHYSICAL EDUCATION AND SPORTS),Degree,UNIVERSITY OF NAIROBI,,21.858,22.358,22.636
BACHELOR OF SCIENCE (SOILS & LAND USE MANAGEMENT),Degree,UNIVERSITY OF ELDORET,,15.864,,
BACHELOR OF SCIENCE (LAND ADMINISTRATION),Degree,TECHNICAL UNIVERSITY OF KENYA,23.214,22.582,28.02,29.047
BACHELOR OF ARTS IN LANGUAGE AND COMMUNICATION,Degree,MAASAI MARA UNIVERSITY,,22.449,22.916,22.926
BACHELOR OF SCIENCE IN AUTOMOTIVE TECHNOLOGY,Degree,"UNIVERSITY OF EASTERN AFRICA, BARATON",,15.683,15.982,16.787
BACHELOR OF ARTS (HISTORY AND ARCHAEOLOGY),Degree,PWANI UNIVERSITY,,21.123,21.604,22.627
"BACHELOR OF ARTS (HISTORY AND ARCHAEOLOGY, WITH IT)",Degree,MASENO UNIVERSITY,23.115,21.123,27.254,22.627
BACHELOR OF SCIENCE (RECREATION AND SPORTS MANAGEMENT),Degree,KENYATTA UNIVERSITY,22.365,19.92,24.776,24.252
BACHELOR OF SCIENCE IN COMPUTING AND INFORMATION SYSTEMS,Degree,ST PAULS UNIVERSITY,,18.814,18.638,19.223
BACHELOR OF SCIENCE (AGRICULTURAL ECONOMICS AND RURAL DEVELOPMENT),Degree,JOMO KENYATTA UNIVERSITY OF AGRICULTURE AND TECHNOLOGY,25.307,15.864,23.826,25.843
BACHELOR OF ARTS IN TRANSLATION STUDIES,Degree,ST PAULS UNIVERSITY,,22.449,22.916,22.926
BACHELOR OF SCIENCE IN MICROBIOLOGY,Degree,UNIVERSITY OF ELDORET,,15.683,16.974,17.459
BACHELOR OF SCIENCE (EVENT AND CONVENTION MANAGEMENT),Degree,TECHNICAL UNIVERSITY OF KENYA,,21.375,25.589,25.323
BACHELOR OF SCIENCE (RENEWABLE ENERGY AND ENVIRONMENTAL PHYSICS),Degree,JOMO KENYATTA UNIVERSITY OF AGRICULTURE AND TECHNOLOGY,,15.683,15.982,16.787
BACHELOR OF ANIMATION AND GRAPHICS DESIGN,Degree,MULTIMEDIA UNIVERSITY OF KENYA,29.782,,,
BACHELOR OF SCIENCE IN MECHATRONIC ENGINEERING,Degree,JOMO KENYATTA UNIVERSITY OF AGRICULTURE AND TECHNOLOGY,44.028,43.232,42.892,42.624
BACHELOR OF SCIENCE IN MECHATRONIC ENGINEERING,Degree,MURANG'A UNIVERSITY OF TECHNOLOGY,36.557,36.535,,
BACHELOR OF SCIENCE IN MECHATRONIC ENGINEERING,Degree,DEDAN KIMATHI UNIVERSITY OF TECHNOLOGY,40.296,39.369,39.852,39.022
BACHELOR OF ARTS IN SUSTAINABLE HUMAN DEVELOPMENT,Degree,TANGAZA UNIVERSITY,,22.449,22.916,22.926
BACHELOR OF SCIENCE (SEED SCIENCE & TECHNOLOGY,Degree,UNIVERSITY OF ELDORET,,15.864,,
BACHELOR OF SCIENCE IN DENTAL TECHNOLOGY,Degree,MOUNT KENYA UNIVERSITY,37.16,37.154,35.151,38.953
BACHELOR OF ARTS (PHILOSOPHY),Degree,PWANI UNIVERSITY,,22.449,22.916,22.926
"BACHELOR OF ARTS (BUSINESS STUDIES, WITH IT)",Degree,TOM MBOYA UNIVERSITY,,21.375,21.444,22.544
BACHELOR OF SCIENCE (HOSPITALITY MANAGEMENT),Degree,MURANG'A UNIVERSITY OF TECHNOLOGY,23.037,21.375,24.429,22.544
BACHELOR OF SCIENCE (HOSPITALITY MANAGEMENT),Degree,TECHNICAL UNIVERSITY OF KENYA,29.113,,,30.044
BACHELOR OF ARTS (GERMAN),Degree,MOI UNIVERSITY,,24.348,26.346,25.727
BACHELOR OF ARTS (GERMAN),Degree,PWANI UNIVERSITY,,22.959,23.264,22.563
BACHELOR OF MANAGEMENT AND OFFICE ADMINISTRATION,Degree,MOUNT KENYA UNIVERSITY,,21.375,21.444,22.544
BACHELOR OF BUSINESS ADMINISTRATION IN FINANCE,Degree,"UNIVERSITY OF EASTERN AFRICA, BARATON",,18.831,,20.1
BACHELOR OF SCIENCE (METEOROLOGY),Degree,UNIVERSITY OF NAIROBI,,15.683,17.363,17.802
BACHELOR OF SCIENCE (METEOROLOGY),Degree,SOUTH EASTERN KENYA UNIVERSITY,,15.683,17.363,17.802
BACHELOR OF SCIENCE (GEOLOGY),Degree,UNIVERSITY OF NAIROBI,,15.683,17.363,17.802
BACHELOR OF SCIENCE (GEOLOGY),Degree,SOUTH EASTERN KENYA UNIVERSITY,,15.683,17.363,17.802
BACHELOR OF SCIENCE IN GEOLOGY,Degree,DEDAN KIMATHI UNIVERSITY OF TECHNOLOGY,,15.683,17.363,17.802
BACHELOR OF TECHNOLOGY (APPLIED STATISTICS),Degree,TECHNICAL UNIVERSITY OF KENYA,,18.831,19.914,23.832
BACHELOR OF BUSINESS MANAGEMENT (MARINE BUSINESS MANAGEMENT),Degree,MOI UNIVERSITY,,21.375,21.444,22.544
BACHELOR OF ARTS IN ISLAMIC SHARIA,Degree,ISLAMIC UNIVERSITY OF KENYA,,20.93,19.67,19.956
BACHELOR OF TECHNOLOGY (CHEMICAL ENGINEERING),Degree,TECHNICAL UNIVERSITY OF KENYA,,27.25,25.214,27.165
BACHELOR OF SCIENCE (FORESTRY),Degree,SOUTH EASTERN KENYA UNIVERSITY,,,,17.459
BACHELOR OF SCIENCE (FORESTRY),Degree,UNIVERSITY OF KABIANGA,,15.864,17.043,17.459
BACHELOR OF SCIENCE (FORESTRY),Degree,UNIVERSITY OF ELDORET,,15.864,17.043,17.459
BACHELOR OF TECHNOLOGY (GEOINFORMATION TECHNOLOGY),Degree,TECHNICAL UNIVERSITY OF KENYA,,15.683,17.363,17.802
BACHELOR OF SCIENCE (EXERCISE & SPORT SCIENCE),Degree,KENYATTA UNIVERSITY,22.131,19.92,20.402,20.72
"BACHELOR OF ARTS (RELIGION, WITH IT)",Degree,MASENO UNIVERSITY,,20.93,19.67,19.956
BACHELOR OF TECHNOLOGY (APPLIED BIOLOGY),Degree,TECHNICAL UNIVERSITY OF KENYA,,15.683,16.974,17.459
BACHELOR OF TECHNOLOGY (COMMUNICATION AND COMPUTER NETWORKS),Degree,TECHNICAL UNIVERSITY OF KENYA,30.686,32.72,33.59,32.534
BACHELOR OF ARTS (COUNSELING),Degree,KENYATTA UNIVERSITY,,22.449,24.937,22.926
BACHELOR OF SCIENCE IN COMMUNITY RESOURCE MANAGEMENT,Degree,MACHAKOS UNIVERSITY,,22.449,22.916,22.926
BACHELOR OF SCIENCE (COMMUNITY DEVELOPMENT AND ENVIRONMENT),Degree,JOMO KENYATTA UNIVERSITY OF AGRICULTURE AND TECHNOLOGY,26.503,25.35,28.923,27.458
BACHELOR OF URBAN AND REGIONAL PLANNING,Degree,MAASAI MARA UNIVERSITY,,18.392,18.692,19.039
BACHELOR OF TECHNOLOGY (NUTRITION AND DIETETICS),Degree,TECHNICAL UNIVERSITY OF KENYA,25.405,25.924,31.312,26.7
"BACHELOR OF ARTS ( POLITICAL SCIENCE, WITH IT)",Degree,MASENO UNIVERSITY,,22.449,22.916,22.926
BACHELOR OF ARTS ( POLITICAL SCIENCE),Degree,PWANI UNIVERSITY,,22.449,22.916,22.926
BACHELOR OF APPLIED SCIENCE (GEO-INFORMATICS),Degree,TECHNICAL UNIVERSITY OF KENYA,29.656,25.7,32.166,33.909
BACHELOR OF HEALTH SERVICES MANAGEMENT,Degree,KENYATTA UNIVERSITY,,27.581,27.736,26.936
BACHELOR OF SCIENCE IN REAL ESTATE MANAGEMENT,Degree,MOUNT KENYA UNIVERSITY,,18.392,18.692,28.492
BACHELOR OF ENGINEERING (MECHANICAL & PRODUCTION ENGINEERING),Degree,UNIVERSITY OF ELDORET,33.265,26.898,35.269,35.052
BACHELOR OF ENGINEERING (MECHANICAL AND PRODUCTION ENGINEERING),Degree,MOI UNIVERSITY,26.664,36.089,36.19,27.088
BACHELOR OF ARTS (DESIGN),Degree,UNIVERSITY OF NAIROBI,,26.093,25.961,26.1
BACHELOR OF SCIENCE IN COMPUTER TECHNOLOGY,Degree,JOMO KENYATTA UNIVERSITY OF AGRICULTURE AND TECHNOLOGY,38.488,37.867,37.625,28.621
BACHELOR OF SCIENCE IN COMPUTER TECHNOLOGY,Degree,MURANG'A UNIVERSITY OF TECHNOLOGY,,18.814,18.638,19.223
BACHELOR OF SCIENCE IN COMPUTER TECHNOLOGY,Degree,MERU UNIVERSITY OF SCIENCE AND TECHNOLOGY,,18.814,18.638,19.223
BACHELOR OF SCIENCE (COMPUTER SCIENCE & TECHNOLOGY),Degree,MASENO UNIVERSITY,26.477,25.315,25.796,19.223
BACHELOR OF SCIENCE (COMPUTER TECHNOLOGY),Degree,MULTIMEDIA UNIVERSITY OF KENYA,32.452,31.181,30.456,19.223
BACHELOR OF EDUCATION (SCIENCE) WITH GUIDANCE AND COUNSELING,Degree,MAASAI MARA UNIVERSITY,,23.049,22.358,22.636
BACHELOR OF SCIENCE (BIOCHEMISTRY AND MOLECULAR BIOLOGY),Degree,JOMO KENYATTA UNIVERSITY OF AGRICULTURE AND TECHNOLOGY,32.07,31.058,33.576,32.608
BACHELOR OF SCIENCE (BIOCHEMISTRY AND MOLECULAR BIOLOGY),Degree,SOUTH EASTERN KENYA UNIVERSITY,,15.683,16.974,17.459
"BACHELOR OF ARTS (FINE ART, WITH IT)",Degree,MASENO UNIVERSITY,,22.449,24.492,22.926
BACHELOR OF ARTS (FINE ARTS),Degree,KENYATTA UNIVERSITY,23.733,22.449,28.51,26.885
BACHELOR OF EDUCATION (SPECIAL NEEDS EDUCATION - SECONDARY OPTION),Degree,MOI UNIVERSITY,23.359,25.351,29.929,22.636
BACHELOR OF EDUCATION SPECIAL NEEDS EDUCATION SECONDARY OPTION,Degree,MOUNT KENYA UNIVERSITY,,21.858,22.358,22.636
BACHELOR OF ENVIRONMENTAL SCIENCE (RESOURCE CONSERVATION),Degree,KENYATTA UNIVERSITY,,15.864,17.043,17.459
BACHELOR OF ENVIRONMENTAL STUDIES (ENVIRONMENTAL RESOURCE CONSERVATION),Degree,MACHAKOS UNIVERSITY,,15.864,17.043,17.459
BACHELOR OF SCIENCE ( ENVIRONMENTAL SCIENCE AND RESOURCE MANAGEMENT ),Degree,MERU UNIVERSITY OF SCIENCE AND TECHNOLOGY,,15.864,17.043,17.459
BACHELOR OF TECHNOLOGY (COMPUTER TECHNOLOGY),Degree,TECHNICAL UNIVERSITY OF KENYA,,,,19.223
BACHELOR OF SCIENCE (ENERGY ENGINEERING),Degree,KENYATTA UNIVERSITY,,27.978,15.982,16.787
BACHELOR OF ARTS IN HUMAN RESOURCE MANAGEMENT,Degree,UNIVERSITY OF ELDORET,25.038,,,
BACHELOR OF SCIENCE IN BUSINESS ADMINISTRATION,Degree,KIRIRI WOMENS UNIVERSITY OF SCIENCE AND TECHNOLOGY,,21.375,21.444,22.544
"BACHELOR OF SCIENCE (EARTH SCIENCE, WITH IT)",Degree,TOM MBOYA UNIVERSITY,,15.683,17.363,17.802
BACHELOR OF SCIENCE IN AGRIBUSINESS MANAGEMENT AND TRADE,Degree,MACHAKOS UNIVERSITY,,15.864,16.974,17.459
BACHELOR OF SCIENCE IN BIOTECHNOLOGY AND BIOSAFETY,Degree,UNIVERSITY OF ELDORET,,15.683,16.974,17.459
BACHELOR OF SCIENCE (INDUSTRIAL CHEMISTRY WITH MANAGEMENT),Degree,KENYATTA UNIVERSITY,23.749,24.557,29.162,28.883
"BACHELOR OF SCIENCE (MATHEMATICS & BUSINESS STUDIES, WITH IT)",Degree,TOM MBOYA UNIVERSITY,,18.831,19.914,20.1
"BACHELOR OF SCIENCE (MATHEMATICS & BUSINESS STUDIES, WITH IT)",Degree,MASENO UNIVERSITY,,22.584,19.914,20.1
BACHELOR OF CHRISTIAN EDUCATION,Degree,KENYA HIGHLANDS EVANGELICAL UNIVERSITY,,20.93,19.67,19.956
BACHELOR OF SCIENCE IN AGRIBUSINESS MANAGEMENT AND ENTREPRENEURSHIP,Degree,SOUTH EASTERN KENYA UNIVERSITY,,15.864,16.974,17.459
BACHELOR OF SCIENCE AGRIBUSINESS MANAGEMENT AND ENTERPRISE DEVELOPMENT,Degree,JOMO KENYATTA UNIVERSITY OF AGRICULTURE AND TECHNOLOGY,26.793,22.911,27.546,27.941
BACHELOR OF SCIENCE IN MATHEMATICS AND STATISTICS WITH IT,Degree,TURKANA UNIVERSITY COLLEGE,,18.831,19.914,
BACHELOR OF BUSINESS ADMINISTRATION AND MANAGEMENT,Degree,ZETECH UNIVERSITY,,21.375,21.444,22.544
BACHELOR OF TECHNOLOGY (BIOTECHNOLOGY),Degree,TECHNICAL UNIVERSITY OF KENYA,,28.133,27.163,26.539
BACHELOR OF TECHNOLOGY (JOURNALISM AND MASS COMMUNICATION),Degree,TECHNICAL UNIVERSITY OF KENYA,30.63,29.336,33.986,33.87
BACHELOR OF TECHNOLOGY (ENVIRONMENTAL RESOURCE MANAGEMENT),Degree,TECHNICAL UNIVERSITY OF KENYA,22.232,15.864,27.386,23.806
BACHELOR OF SCIENCE (URBAN DESIGN AND DEVELOPMENT),Degree,TECHNICAL UNIVERSITY OF KENYA,22.391,26.071,25.586,32.6
BACHELOR OF SCIENCE (WILDLIFE MANAGEMENT AND CONSERVATION),Degree,UNIVERSITY OF NAIROBI,,15.864,28.635,17.459
BACHELOR OF SCIENCE (WILDLIFE MANAGEMENT),Degree,UNIVERSITY OF ELDORET,,15.864,17.043,17.459
BACHELOR OF SCIENCE IN ANIMAL SCIENCE,Degree,PWANI UNIVERSITY,,15.864,17.043,17.459
BACHELOR OF SCIENCE IN APPLIED PHYSICS AND COMPUTER SCIENCE,Degree,MULTIMEDIA UNIVERSITY OF KENYA,,18.814,18.638,19.223
BACHELOR OF SCIENCE IN COMPUTER SCIENCE AND APPLIED PHYSICS,Degree,ZETECH UNIVERSITY,,18.814,18.638,19.223
BACHELOR OF PURCHASING AND SUPPLY CHAIN MANAGEMENT,Degree,ZETECH UNIVERSITY,,21.375,21.444,22.544
BACHELOR OF SCIENCE WITH EDUCATION,Degree,MOI UNIVERSITY,,21.858,22.358,22.636
BACHELOR OF SCIENCE WITH EDUCATION,Degree,KARATINA UNIVERSITY,,21.858,22.358,22.636
BACHELOR OF SCIENCE WITH EDUCATION,Degree,UNIVERSITY OF ELDORET,,21.858,,
BACHELOR OF SCIENCE (CORPORATE COMMUNICATION AND MANAGEMENT),Degree,JOMO KENYATTA UNIVERSITY OF AGRICULTURE AND TECHNOLOGY,26.594,24.395,29.881,27.036
BACHELOR OF SCIENCE (WATER AND ENVIRONMENT MANAGEMENT),Degree,JOMO KENYATTA UNIVERSITY OF AGRICULTURE AND TECHNOLOGY,,15.864,17.043,17.459
"BACHELOR OF ARTS (FRENCH, WITH IT)",Degree,MASENO UNIVERSITY,,22.959,,22.563
BACHELOR OF LANDSCAPE ARCHITECTURE,Degree,JOMO KENYATTA UNIVERSITY OF AGRICULTURE AND TECHNOLOGY,28.014,34.016,36.138,33.675
BACHELOR OF SCIENCE (MOLECULAR & CELLULAR BIOLOGY),Degree,KENYATTA UNIVERSITY,,15.683,16.974,17.459
BACHELOR OF SCIENCE (PETROLEUM ENGINEERING),Degree,KENYATTA UNIVERSITY,35.297,35.347,37.463,36.816
"BACHELOR OF ARTS (SOCIOLOGY AND ANTHROPOLOGY, WITH IT)",Degree,TOM MBOYA UNIVERSITY,,22.449,22.916,22.926
"BACHELOR OF ARTS (SOCIOLOGY AND ANTHROPOLOGY, WITH IT)",Degree,MASENO UNIVERSITY,,22.449,22.916,22.926
"BACHELOR OF SCIENCE (GEOSPATIAL INFORMATION SCIENCE, WITH IT)",Degree,MASENO UNIVERSITY,,15.683,17.363,17.802
"BACHELOR OF EDUCATION (HOME SCIENCE , WITH IT)",Degree,TOM MBOYA UNIVERSITY,28.682,,,
"BACHELOR OF EDUCATION (HOME SCIENCE , WITH IT)",Degree,MASENO UNIVERSITY,30.163,28.055,27.55,28.759
BACHELOR OF EDUCATION (HOME SCIENCE AND TECHNOLOGY),Degree,UNIVERSITY OF ELDORET,29.143,28.651,27.864,28.748
BACHELOR OF SCIENCE IN PROCUREMENT AND CONTRACT MANAGEMENT,Degree,JOMO KENYATTA UNIVERSITY OF AGRICULTURE AND TECHNOLOGY,28.127,25.264,25.466,28.871
BACHELOR OF SCIENCE IN AGRICULTURE AND EXTENSION,Degree,PWANI UNIVERSITY,,21.858,17.043,17.459
BACHELOR OF EDUCATION ARTS (HOME ECONOMICS),Degree,KENYATTA UNIVERSITY,26.815,27.429,30.475,29.362
BACHELOR OF SCIENCE (ELECTRONICS),Degree,SOUTH EASTERN KENYA UNIVERSITY,,15.683,24.631,16.787
BACHELOR OF SCIENCE (BUSINESS COMPUTING),Degree,JOMO KENYATTA UNIVERSITY OF AGRICULTURE AND TECHNOLOGY,28.168,25.731,22.664,19.223
BACHELOR OF SCIENCE (PHYSICAL THERAPY),Degree,ALUPE UNIVERSITY,31.282,28.214,31.878,27.646
BACHELOR OF SCIENCE (PHYSICAL THERAPY),Degree,MOI UNIVERSITY,32.581,36.681,36.954,35.36
BACHELOR OF COUNSELING PSYCHOLOGY,Degree,KENYA ASSEMBLIES OF GOD EAST UNIVERSITY,,22.449,22.916,22.926
BACHELOR OF COUNSELING PSYCHOLOGY,Degree,MOUNT KENYA UNIVERSITY,,22.449,22.916,24.265
BACHELOR OF TECHNOLOGY (CONSTRUCTION MANAGEMENT),Degree,TECHNICAL UNIVERSITY OF KENYA,,26.894,28.772,24.995
BACHELOR OF SCIENCE INDUSTRIAL BIOTECHNOLOGY,Degree,JOMO KENYATTA UNIVERSITY OF AGRICULTURE AND TECHNOLOGY,,15.683,16.974,17.459
BA IN INTER-CULTURAL STUDIES,Degree,KENYA ASSEMBLIES OF GOD EAST UNIVERSITY,,20.93,19.67,19.956
BACHELOR OF ARTS (PLANNING),Degree,UNIVERSITY OF NAIROBI,,18.392,24.026,25.655
BACHELOR OF SCIENCE IN LEATHER TECHNOLOGY,Degree,DEDAN KIMATHI UNIVERSITY OF TECHNOLOGY,,15.864,17.043,17.459
BACHELOR OF ARTS IN PUBLIC ADMINISTRATION,Degree,MOUNT KENYA UNIVERSITY,,22.449,22.916,25.126
BACHELOR OF TECHNOLOGY IN COMPUTER AND ELECTRONIC SYSTEMS,Degree,MOUNT KENYA UNIVERSITY,,15.683,15.982,16.787
BACHELOR OF TECHNOLOGY (BUSINESS INFORMATION TECHNOLOGY),Degree,TECHNICAL UNIVERSITY OF KENYA,33.574,31.928,33.696,34.058
BACHELOR OF THE BUILT ENVIRONMENT (URBAN AND REGIONAL PLANNING),Degree,TECHNICAL UNIVERSITY OF KENYA,25.516,27.264,26.529,27.556
BACHELOR OF SCIENCE (RENEWABLE ENERGY AND BIOFUELS TECHNOLOGY),Degree,KIBABII UNIVERSITY,,15.683,15.982,16.787
BACHELOR OF RADIOGRAPHY,Degree,JOMO KENYATTA UNIVERSITY OF AGRICULTURE AND TECHNOLOGY,41.666,43.325,43.127,42.445
BACHELOR OF SCIENCE (UTILIZATION & SUSTAINABILITY OF ARID LANDS (USAL),Degree,LAIKIPIA UNIVERSITY,,15.864,17.043,17.459
BACHELOR OF SCIENCE (CONSERVATION BIOLOGY),Degree,KENYATTA UNIVERSITY,,15.683,16.974,17.459
BACHELOR OF SCIENCE (FOOD SCIENCE AND MANAGEMENT),Degree,MERU UNIVERSITY OF SCIENCE AND TECHNOLOGY,,15.864,,17.459
BACHELOR OF ARTS IN ENGLISH AND LINGUISTICS,Degree,PWANI UNIVERSITY,,22.449,22.916,22.926
BACHELOR OF EDUCATION (ARTS) GERMAN,Degree,KENYATTA UNIVERSITY,24.499,26.632,25.165,25.516
BACHELOR OF SCIENCE IN BIOMEDICAL SCIENCE,Degree,DAYSTAR UNIVERSITY,,15.864,24.665,33.762
BACHELOR OF ARTS IN SOCIAL COMMUNICATION,Degree,TANGAZA UNIVERSITY,,22.449,22.916,22.926
BACHELOR OF TECHNOLOGY (OFFICE ADMINISTRATION AND TECHNOLOGY),Degree,TECHNICAL UNIVERSITY OF KENYA,,21.375,21.444,22.544
BACHELOR OF SCIENCE (FISHERIES & AQUATIC SCIENCES),Degree,UNIVERSITY OF ELDORET,,15.864,17.043,17.459
BACHELOR OF ARTS IN PUBLIC ADMINISTRATION AND GOVERNANCE,Degree,MOUNT KENYA UNIVERSITY,,22.449,22.916,27.027
BACHELOR OF ENGINEERING (ELECTRICAL AND TELECOMMUNICATION ENGINEERING),Degree,MOI UNIVERSITY,,38.039,38.526,35.94
BACHELOR OF SCIENCE IN LABORATORY TECHNOLOGY,Degree,MOUNT KENYA UNIVERSITY,22.52,25.767,24.208,32.094
BACHELOR OF SCIENCE IN AGRIBUSINESS MANAGEMENT AND ENTERPRISE DEVELOPMENT,Degree,MURANG'A UNIVERSITY OF TECHNOLOGY,,15.949,,
BACHELOR OF ARTS ( KISWAHILI AND COMMUNICATION),Degree,CATHOLIC UNIVERSITY OF EASTERN AFRICA,,22.449,22.916,22.926
BACHELOR OF ARTS ( KISWAHILI AND COMMUNICATION),Degree,LAIKIPIA UNIVERSITY,,22.449,22.916,22.926
BACHELOR OF ARTS IN KISWAHILI AND MEDIA STUDIES,Degree,MAASAI MARA UNIVERSITY,,22.449,,
BACHELOR OF EDUCATION (SCIENCE) WITH SPECIAL NEEDS EDUCATION,Degree,MAASAI MARA UNIVERSITY,27.621,24.237,24.121,24.354
BACHELOR OF TECHNOLOGY (DESIGN),Degree,TECHNICAL UNIVERSITY OF KENYA,,25.621,24.127,26.214
BACHELOR OF SCIENCE IN MIDWIFERY WITH REPRODUCTIVE HEALTH,Degree,AMREF INTERNATIONAL UNIVERSITY,28.309,26.82,24.886,
BACHELOR OF TECHNOLOGY (TECHNICAL AND APPLIED PHYSICS),Degree,MACHAKOS UNIVERSITY,,15.683,16.974,17.459
BACHELOR OF TECHNOLOGY (TECHNICAL AND APPLIED PHYSICS),Degree,TECHNICAL UNIVERSITY OF KENYA,,15.683,16.974,17.459
"BACHELOR OF ARTS (PENOLOGY, CORRECTION AND ADMINISTRATION)",Degree,BOMET UNIVERSITY COLLEGE,,22.449,24.471,22.926
"BACHELOR OF ARTS (PENOLOGY, CORRECTION AND ADMINISTRATION)",Degree,MOI UNIVERSITY,,22.449,28.661,27.145
BACHELOR OF ENGINEERING (CHEMICAL AND PROCESS ENGINEERING),Degree,MOI UNIVERSITY,,34.111,31.769,28.908
BACHELOR OF ENGINEERING (CHEMICAL ENGINEERING),Degree,DEDAN KIMATHI UNIVERSITY OF TECHNOLOGY,,33.421,31.644,28.815
BACHELOR OF ENGINEERING (CHEMICAL ENGINEERING),Degree,TECHNICAL UNIVERSITY OF KENYA,25.807,38.978,38.404,37.372
BACHELOR OF SCIENCE (COMMUNITY RESOURCE MANAGEMENT),Degree,KENYATTA UNIVERSITY - MAMA NGINA UNIVERSITY COLLEGE,,22.449,22.916,
BACHELOR OF SCIENCE (COMMUNITY RESOURCE MANAGEMENT),Degree,KENYATTA UNIVERSITY,,22.449,24.294,22.926
BACHELOR OF SCIENCE (ENVIRONMENTAL EDUCATION),Degree,KENYATTA UNIVERSITY,,21.858,17.043,17.459
"BACHELOR OF SCIENCE IN ECO-TOURISM, HOTEL AND INSTITUTION MANAGEMENT",Degree,MASENO UNIVERSITY,25.466,,,23.79
BACHELOR OF SCIENCE GENOMIC SCIENCE,Degree,JOMO KENYATTA UNIVERSITY OF AGRICULTURE AND TECHNOLOGY,,15.683,16.974,17.459
BACHELOR OF SCIENCE (CONTROL AND INSTRUMENTATION),Degree,JOMO KENYATTA UNIVERSITY OF AGRICULTURE AND TECHNOLOGY,,15.683,27.443,26.291
BACHELOR OF SCIENCE (FOOD SCIENCE AND NUTRITION),Degree,MERU UNIVERSITY OF SCIENCE AND TECHNOLOGY,,15.864,,17.459
BACHELOR OF EDUCATION (LIBRARY SCIENCE),Degree,KENYATTA UNIVERSITY,25.446,23.581,22.358,22.636
BACHELOR OF SCIENCE IN ORAL HEALTH,Degree,MOUNT KENYA UNIVERSITY,33.715,31.405,34.284,33.911
BACHELOR OF SCIENCE (AGROFORESTRY & RURAL DEVELOPMENT),Degree,UNIVERSITY OF KABIANGA,,15.864,17.043,17.459
BACHELOR OF SCIENCE (AGROFORESTRY & RURAL DEVELOPMENT),Degree,UNIVERSITY OF ELDORET,,15.864,17.043,17.459
BACHELOR OF SCIENCE IN MECHANICAL AND MANUFACTURING ENGINEERING,Degree,MULTIMEDIA UNIVERSITY OF KENYA,33.743,24.464,36.018,34.661
BACHELOR OF SCIENCE (CROP IMPROVEMENT & PROTECTION),Degree,KENYATTA UNIVERSITY,,15.864,17.043,17.459
BACHELOR OF PHILOSOPHY IN TECHNOLOGY (SURVEYING TECHNOLOGY),Degree,TECHNICAL UNIVERSITY OF KENYA,,18.392,26.263,24.456
BACHELOR OF SCIENCE ( BIO-RESOURCES MANAGEMENT AND CONSERVATION),Degree,KIBABII UNIVERSITY,,15.864,17.043,17.459
BACHELOR OF SCIENCE (APPLIED BIOENGINEERING),Degree,JOMO KENYATTA UNIVERSITY OF AGRICULTURE AND TECHNOLOGY,,27.294,15.982,16.787
BACHELOR OF SCIENCE IN MIDWIFERY,Degree,MERU UNIVERSITY OF SCIENCE AND TECHNOLOGY,35.186,,,
BA IN CHURCH EDUCATIONAL MINISTRIES,Degree,KENYA ASSEMBLIES OF GOD EAST UNIVERSITY,,20.93,19.67,19.956
BACHELOR OF SCIENCE (RECORDS MANAGEMENT AND INFORMATION TECHNOLOGY),Degree,KENYA HIGHLANDS EVANGELICAL UNIVERSITY,,21.375,21.444,22.544
BACHELOR OF SCIENCE (RECORDS MANAGEMENT AND INFORMATION TECHNOLOGY),Degree,KENYATTA UNIVERSITY,24.175,25.398,24.524,27.974
"BACHELOR OF SCIENCE (FISHERIES AND NATURAL RESOURCES, WITH IT)",Degree,MASENO UNIVERSITY,,15.864,17.043,17.459
"BACHELOR OF ARTS (DISASTER MANAGEMENT, WITH IT)",Degree,MASENO UNIVERSITY,,22.449,24.902,22.926
BACHELOR OF ARTS (PUBLIC ADMINISTRATION),Degree,MURANG'A UNIVERSITY OF TECHNOLOGY,23.221,22.449,23.907,
BACHELOR OF ARTS (PUBLIC ADMINISTRATION),Degree,MACHAKOS UNIVERSITY,24.423,24.352,28.888,
BACHELOR OF ARTS (PUBLIC ADMINISTRATION),Degree,UNIVERSITY OF KABIANGA,23.179,22.449,27.264,26.447
BACHELOR OF SCIENCE (HYDROLOGY AND WATER RESOURCES MANAGEMENT),Degree,SOUTH EASTERN KENYA UNIVERSITY,,15.683,17.363,17.802
BACHELOR OF EDUCATION (ARTS - BUSINESS STUDIES),Degree,BOMET UNIVERSITY COLLEGE,26.507,24.056,23.684,24.629
BACHELOR OF EDUCATION (ARTS - BUSINESS STUDIES),Degree,MOI UNIVERSITY,26.614,26.949,28.774,30.015
BACHELOR OF SCIENCE (OPERATIONS RESEARCH),Degree,JOMO KENYATTA UNIVERSITY OF AGRICULTURE AND TECHNOLOGY,,18.831,19.914,20.1
BACHELOR OF SOCIAL WORK AND ADMINISTRATION,Degree,TURKANA UNIVERSITY COLLEGE,,22.449,22.916,22.926
BACHELOR OF SOCIAL WORK AND ADMINISTRATION,Degree,MOUNT KENYA UNIVERSITY,,22.449,22.916,26.771
BACHELOR OF ARTS (FRENCH),Degree,MOI UNIVERSITY,,22.959,24.782,22.563
BACHELOR OF ARTS (FRENCH),Degree,DAYSTAR UNIVERSITY,,22.959,,
BACHELOR OF ARTS (FRENCH),Degree,PWANI UNIVERSITY,,22.959,23.264,22.563
BACHELOR OF DENTAL SURGERY,Degree,UNIVERSITY OF NAIROBI,44.577,44.75,44.334,44.182
BACHELOR OF DENTAL SURGERY,Degree,MOI UNIVERSITY,39.192,44.502,44.07,43.663
BACHELOR OF SCIENCE (PUBLIC ADMINISTRATION AND LEADERSHIP),Degree,JOMO KENYATTA UNIVERSITY OF AGRICULTURE AND TECHNOLOGY,28.402,24.193,29.89,26.996
BACHELOR OF ENVIRONMENTAL STUDIES (EARTH SCIENCES),Degree,MAASAI MARA UNIVERSITY,,,17.043,17.459
BACHELOR OF SCIENCE (FOOD OPERATIONS MANAGEMENT),Degree,UNIVERSITY OF ELDORET,,21.375,,
BACHELOR OF SCIENCE (FOOD SERVICE AND HOSPITALITY MANAGEMENT),Degree,JOMO KENYATTA UNIVERSITY OF AGRICULTURE AND TECHNOLOGY,26.241,23.871,26.265,24.643
BACHELOR OF ARTS IN ARABIC LANGUAGE,Degree,ISLAMIC UNIVERSITY OF KENYA,,22.449,22.916,22.926
"BACHELOR OF ENGINEERING (MANUFACTURING, INDUSTRIAL AND TEXTILE ENGINEERING)",Degree,MOI UNIVERSITY,,15.683,15.982,16.787
BACHELOR OF SCIENCE IN ETHNOBOTANY,Degree,UNIVERSITY OF ELDORET,,15.864,,
BACHELOR OF SCIENCE (MEDICAL PSYCHOLOGY),Degree,ALUPE UNIVERSITY,,15.864,17.043,17.459
BACHELOR OF SCIENCE (MEDICAL PSYCHOLOGY),Degree,MOI UNIVERSITY,25.141,32.731,33.51,31.508
BACHELOR OF SCIENCE (NUTRACEUTICAL SCIENCE AND TECHNOLOGY),Degree,JOMO KENYATTA UNIVERSITY OF AGRICULTURE AND TECHNOLOGY,,15.864,17.043,17.459
BACHELOR OF SCIENCE(AEROSPACE ENGINEERING),Degree,JOMO KENYATTA UNIVERSITY OF AGRICULTURE AND TECHNOLOGY,39.074,41.341,38.971,
BACHELOR OF SCIENCE(AEROSPACE ENGINEERING),Degree,KENYATTA UNIVERSITY,39.975,41.379,40.538,37.992
BACHELOR OF SCIENCE (MEDICAL BIOCHEMISTRY),Degree,JOMO KENYATTA UNIVERSITY OF AGRICULTURE AND TECHNOLOGY,30.65,33.565,31.234,31.461
BACHELOR OF TECHNOLOGY EDUCATION,Degree,OPEN UNIVERSITY OF KENYA,,15.683,,
BACHELOR OF TECHNOLOGY EDUCATION,Degree,MURANG'A UNIVERSITY OF TECHNOLOGY,,15.683,15.982,16.787
BACHELOR OF SCIENCE (WOOD SCIENCE AND INDUSTRIAL PROCESSES),Degree,UNIVERSITY OF ELDORET,,15.864,17.043,17.459
"BACHELOR OF SCIENCE (AGRONOMY, WITH IT)",Degree,TOM MBOYA UNIVERSITY,,15.864,17.043,17.459
"BACHELOR OF SCIENCE (AGRONOMY, WITH IT)",Degree,MASENO UNIVERSITY,,15.864,17.043,17.459
BACHELOR OF SCIENCE (INSTRUMENTATION & CONTROL),Degree,MULTIMEDIA UNIVERSITY OF KENYA,,15.683,15.982,16.787
BACHELOR OF SCIENCE (ASTRONOMY AND ASTROPHYSICS),Degree,UNIVERSITY OF NAIROBI,,15.683,24.019,29.539
BACHELOR OF EDUCATION (ARTS) WITH SPECIAL NEEDS EDUCATION,Degree,KARATINA UNIVERSITY,22.586,21.858,23.76,22.636
BACHELOR OF EDUCATION (ARTS) WITH SPECIAL NEEDS EDUCATION,Degree,MAASAI MARA UNIVERSITY,22.574,21.858,23.328,22.636
BACHELOR OF COMMUNICATION & PUBLIC RELATIONS,Degree,MAASAI MARA UNIVERSITY,,22.449,23.922,22.926
BACHELOR OF SCIENCE IN ENERGY AND ENVIRONMENTAL TECHNOLOGY,Degree,JOMO KENYATTA UNIVERSITY OF AGRICULTURE AND TECHNOLOGY,,15.864,17.043,17.459
BACHELOR OF ARTS (WITH EDUCATION),Degree,BOMET UNIVERSITY COLLEGE,22.194,23.469,22.358,22.636
BACHELOR OF ARTS (WITH EDUCATION),Degree,MOI UNIVERSITY,22.132,25.129,23.648,22.636
BACHELOR OF ARTS (WITH EDUCATION),Degree,KARATINA UNIVERSITY,21.736,23.609,22.358,22.636
BACHELOR OF EDUCATION (AGRICULTURAL EDUCATION),Degree,UNIVERSITY OF ELDORET,22.793,21.858,23.83,25.181
BACHELOR OF TECHNOLOGY (INSTITUTIONAL MANAGEMENT),Degree,TECHNICAL UNIVERSITY OF KENYA,26.419,23.301,27.94,26.342
BACHELOR OF ARTS IN ISLAMIC STUDIES,Degree,PWANI UNIVERSITY,,20.93,19.67,19.956
"BACHELOR OF SCIENCE (GEOGRAPHY AND NATURAL RESOURCE MANAGEMENT, WITH IT)",Degree,TOM MBOYA UNIVERSITY,,18.144,22.457,19.921
"BACHELOR OF SCIENCE (GEOGRAPHY AND NATURAL RESOURCE MANAGEMENT, WITH IT)",Degree,MASENO UNIVERSITY,22.596,18.144,26.024,26.022
BACHELOR OF SCIENCE IN COMMUNITY HEALTH EDUCATION,Degree,MOI UNIVERSITY,,24.852,25.577,17.459
